-- Users Dummy Data --
-- total : 32
-- !! WARNING !! id 20, 25, 26 and 27 is empty

INSERT INTO
    `Users` (`id`, `githubId`, `email`, `name`, `avatarUrl`, `authorization`, `createdAt`, `updatedAt`)
VALUES
    (1,'12345678',  'erasede@tecobrary.com',         '루피',  'https://avatars3.githubusercontent.com/u/32266963?v=4','KING','2019-10-11 04:38:01','2019-10-11 10:12:19'),
    (2,'91011121',  'qweqwew@tecobrary.com',         '던던',  'https://avatars3.githubusercontent.com/u/32266963?v=4','USER','2019-10-11 07:00:57','2019-10-11 07:54:51'),
    (3,'31415161',  'asdfsdf@tecobrary.com',         '띠용',  'https://avatars3.githubusercontent.com/u/32266963?v=4','KING','2019-10-11 08:05:04','2019-10-11 08:05:09'),
    (4,'71819202',  'oepwqwf@tecobrary.com',         '야옹',  'https://avatars3.githubusercontent.com/u/32266963?v=4','USER','2019-10-11 08:07:13','2019-10-11 08:08:30'),
    (5,'12223242',  'kikikik@tecobrary.com',         '메롱',  'https://avatars3.githubusercontent.com/u/32266963?v=4','KING','2019-10-11 10:18:15','2019-11-15 04:40:32'),
    (6,'52627282',  'yfgeftw@tecobrary.com',         '두둥',  'https://avatars3.githubusercontent.com/u/32266963?v=4','USER','2019-10-11 10:19:47','2019-10-11 11:53:33'),
    (7,'93031323',  'ewwqaaf@tecobrary.com',         '',    'https://avatars3.githubusercontent.com/u/32266963?v=4','USER','2019-10-11 12:41:48','2019-10-12 04:53:34'),
    (8,'33435363',  '12331aa@tecobrary.com',         '깡깡',  'https://avatars3.githubusercontent.com/u/32266963?v=4','USER','2019-10-14 04:40:01','2019-10-14 08:14:50'),
    (9,'73839404',  'dumdumd@tecobrary.com',         '',    'https://avatars3.githubusercontent.com/u/32266963?v=4','USER','2019-10-14 09:21:34','2019-10-15 00:08:23'),
    (10,'14243444', 'zzzzzzz@tecobrary.com',         '지건',  'https://avatars3.githubusercontent.com/u/32266963?v=4','USER','2019-10-15 00:46:58','2019-10-15 04:08:50'),
    (11,'54647484', 'masw1we@tecobrary.com',         '짝짝',  'https://avatars3.githubusercontent.com/u/32266963?v=4','USER','2019-10-15 00:53:01','2019-10-15 04:08:54'),
    (12,'95051525', '12easdf@tecobrary.com',         '캬악',  'https://avatars3.githubusercontent.com/u/32266963?v=4','USER','2019-10-15 09:15:37','2019-10-15 09:17:29'),
    (13,'35455565', '__tting@tecobrary.com',         '어흥',  'https://avatars3.githubusercontent.com/u/32266963?v=4','USER','2019-10-15 23:49:53','2019-10-15 23:55:57'),
    (14,'75859606', 'uyea121@tecobrary.com',         '꼮꼬',  'https://avatars3.githubusercontent.com/u/32266963?v=4','USER','2019-10-16 05:21:11','2019-10-16 09:46:54'),
    (15,'16263646', 'baedale@tecobrary.com',         '꽤액',  'https://avatars3.githubusercontent.com/u/32266963?v=4','USER','2019-10-17 01:59:38','2019-10-17 02:09:14'),
    (16,'66676869', 'jjujake@tecobrary.com',         '흐엉',  'https://avatars3.githubusercontent.com/u/32266963?v=4','USER','2019-10-18 04:38:44','2019-11-10 01:18:19'),
    (17,'70717273', 'dafadsf@tecobrary.com',         '따옹',  'https://avatars3.githubusercontent.com/u/32266963?v=4','USER','2019-10-18 06:38:42','2019-10-18 06:44:46'),
    (18,'74757677', '123adfe@tecobrary.com',         '애용',  'https://avatars3.githubusercontent.com/u/32266963?v=4','USER','2019-10-18 12:42:52','2019-10-19 07:43:03'),
    (19,'78798081', 'kimchi2@tecobrary.com',         '떼껄',  'https://avatars3.githubusercontent.com/u/32266963?v=4','USER','2019-10-20 00:00:00','2019-10-27 05:25:26'),
    (21,'82838485', 'jjavkew@tecobrary.com',         '엘사',  'https://avatars3.githubusercontent.com/u/32266963?v=4','USER','2019-10-28 04:55:27','2019-10-28 04:56:12'),
    (22,'86878889', '9981mul@tecobrary.com',         '안나',  'https://avatars3.githubusercontent.com/u/32266963?v=4','USER','2019-10-28 05:02:57','2019-10-28 05:47:18'),
    (23,'90919293', 'superma@tecobrary.com',         '노바',  'https://avatars3.githubusercontent.com/u/32266963?v=4','USER','2019-10-28 05:30:34','2019-10-28 05:47:16'),
    (24,'94959697', 'rketism@tecobrary.com',         '토니',  'https://avatars3.githubusercontent.com/u/32266963?v=4','USER','2019-10-28 05:56:17','2019-10-28 05:59:31'),
    (28,'98991001', 'yfavori@tecobrary.com',         '타노',  'https://avatars3.githubusercontent.com/u/32266963?v=4','USER','2019-10-28 06:59:32','2019-10-28 07:45:35'),
    (29,'01102103', 'tespace@tecobrary.com',         '상디',  'https://avatars3.githubusercontent.com/u/32266963?v=4','USER','2019-10-28 08:46:12','2019-11-05 07:00:47'),
    (30,'10410510', 'inthewo@tecobrary.com',         '조로',  'https://avatars3.githubusercontent.com/u/32266963?v=4','KING','2019-11-08 06:20:40','2019-11-26 03:33:17'),
    (31,'61071081', 'rldthis@tecobrary.com',         '나미',  'https://avatars3.githubusercontent.com/u/32266963?v=4','USER','2019-11-14 02:10:04','2019-11-14 05:28:50'),
    (32,'09110111', 'emailsa@tecobrary.com',         '',    'https://avatars3.githubusercontent.com/u/32266963?v=4','USER','2019-11-14 22:34:51','2019-11-15 01:46:49'),
    (33,'11211311', 'redummy@tecobrary.com',         '브룩',  'https://avatars3.githubusercontent.com/u/32266963?v=4','USER','2019-11-15 03:05:39','2019-11-15 04:05:07'),
    (34,'41151161', 'notreal@tecobrary.com',         '징베',  'https://avatars3.githubusercontent.com/u/32266963?v=4','KING','2019-11-26 03:32:36','2019-11-26 03:52:55'),
    (35,'17118119', 'ifwhous@tecobrary.com',         '쵸파',  'https://avatars3.githubusercontent.com/u/32266963?v=4','KING','2019-11-26 03:37:10','2019-11-26 03:42:42'),
    (36,'12012112', 'ethissh@tecobrary.com',         '람각',  'https://avatars3.githubusercontent.com/u/32266963?v=4','KING','2019-11-26 03:38:44','2019-11-26 03:38:53');

-- LibraryBooks Dummy Data --
-- total : 95
-- !! WARNING !! id 3, 10 is emtpy

INSERT INTO
    `LibraryBooks` (`id`, `image`, `title`, `author`, `publisher`, `isbn`, `description`, `createdAt`, `updatedAt`)
VALUES
    (1,'https://bookthumb-phinf.pstatic.net/cover/091/459/09145968.jpg?type=m1&udate=20171011','객체지향의 사실과 오해 (역할, 책임, 협력 관점에서 본 객체지향)','조영호','위키북스','8998139766 9788998139766','객체지향에 대한 선입견을 버려라!『객체지향의 사실과 오해』는 객체지향이란 무엇인가라는 원론적면서도 다소 위험한 질문에 답하기 위해 쓰여진 책이다. 안타깝게도 많은 사람들이 객체지향의 본질을 오해하고 있다. 가장 널리 퍼져있는 오해는 클래스가 객체지향 프로그래밍의 중심이라는 것이다.... ','2019-10-11 04:43:52','2019-10-11 04:43:52'),
    (2,'https://bookthumb-phinf.pstatic.net/cover/073/336/07333658.jpg?type=m1&udate=20190204','자바 성능 튜닝 이야기 (개발자가 반드시 알아야 할)','이상민','인사이트','8966260926 9788966260928','『자바 성능 튜닝 이야기』는 고성능 애플리케이션을 위해 고려 해야 할 복잡한 요소들을 하나하나 짚어 주는 책이다. 장애를 일으키는 반복적인 코딩 이슈부터 시스템 진단, 튜닝 방법에 이르기까지 성능 개선이 필요한 핵심 정보만을 담아 정리하였으며 수년간에 걸친 경험적 사례를 토대로 실무에 적용... ','2019-10-11 08:03:56','2019-10-11 08:03:56'),
    (4,'https://bookthumb-phinf.pstatic.net/cover/097/389/09738902.jpg?type=m1&udate=20181212','SQL 첫걸음 (하루 30분 36강으로 배우는 완전 초보의 SQL 따라잡기)','아사이 아츠시','한빛미디어','8968482314 9788968482311','왕초보를 위한 정말 쉬운 SQL 입문서를 만나보자!본격적인 빅데이터 시대에 접어들면서 기존 대비 더 효율적이고 폭넓은 데이터 분석을 위한 수요가 커질 것으로 기대되는 가운데, SQL 활용 범위 역시 더욱 확대될 전망이다. 그 과정에서 취업 준비생이나 일반 직장인을 중심으로 SQL을 처음 공부하려는 이들... ','2019-10-11 08:06:00','2019-10-11 08:06:00'),
    (5,'https://bookthumb-phinf.pstatic.net/cover/123/434/12343450.jpg?type=m1&udate=20170818','DevOps와 SE를 위한 리눅스 커널 이야기 (단단한 서버 구축을 위한 12가지 키워드)','강진우','인사이트','8966264042 9788966264049','『리눅스 커널 이야기』는 리눅스 서버를 관리할 때 만날 수 있는 문제점들과 이를 해결하는 방법을 제시하고 있다. 저자는 현업에서 경험한 다양한 상황과 문제를 바탕으로 하드웨어 정보를 알아내는 데 유용한 명령어, 정보를 해석하는 방법, 애플리케이션 테스트와 튜닝까지 실무에서 궁금할 법한 내용을... ','2019-10-11 08:06:16','2019-10-11 08:06:16'),
    (6,'https://bookthumb-phinf.pstatic.net/cover/095/857/09585753.jpg?type=m1&udate=20170803','소프트웨어 장인 (프로페셔널리즘, 실용주의, 자부심)','산드로 만쿠소','길벗','1186659483 9791186659489','더 나은 개발자가 되어, 더 좋은 코드를 전달하고 싶은 당신을 위하여\n\n이 책에서 풀어낸 소프트웨어 장인정신의 프로페셔널리즘, 기술적 탁월함, 고객 만족은 애자일, 린(lean) 원칙들과 시너지를 일으켜 소프트웨어 업계를 한 단계 도약시킬 수 있다. 또한 프로젝트와 개발자를 공장 운영과 생산 라인 노동자로... ','2019-10-11 08:06:32','2019-10-11 08:06:32'),
    (7,'https://bookthumb-phinf.pstatic.net/cover/073/174/07317474.jpg?type=m1&udate=20190216','코딩을 지탱하는 기술 (원리로 깨우치는 프로그래밍 기법)','니시오 히로카즈','비제이퍼블릭','8994774483 9788994774480','『코딩을 지탱하는 기술』는 프로그램이 언어가 가지고 있는 다양한 개념이 왜 존재하고 있는지를 설명해주고 있다. 저자는 언어 설계자의 관점에서 여러 언어를 비교하고 언어가 어떻게 변화되어 왔는지 설명한다. 더불어 다양한 개념이 왜 탄생하게 되었는지 이해할 수 있으며 각 언어를 왜, 언제, 어떻게... ','2019-10-11 08:06:45','2019-10-11 08:06:45'),
    (8,'https://bookthumb-phinf.pstatic.net/cover/071/126/07112622.jpg?type=m1&udate=20170427','리눅스 커맨드라인 완벽 입문서','윌리엄 E. 샤츠 주니어','비제이퍼블릭','8994774297 9788994774299','『리눅스 커맨드라인 완벽 입문서』는 초보 리눅스 사용자들을 위한 책이다. 파일, 디렉토리, 심볼릭 링크들을 생성하고 삭제할 수 있는 방법을 배울 수 있다. 또한 네트워킹, 패키지 설치, 프로세스 관리 등을 포함한 시스템 운영과 표준 입출력, 리다이렉션, 파이프라인을 어떻게 사용해야 하는지 수록했다.','2019-10-11 08:07:04','2019-10-11 08:07:04'),
    (9,'https://bookthumb-phinf.pstatic.net/cover/072/552/07255217.jpg?type=m1&udate=20190205','객체 지향과 디자인 패턴 (개발자가 반드시 정복해야 할)','최범균','인투북스','8969090010 9788969090010','개발자가 반드시 정복해야 할 『객체 지향과 디자인 패턴』. 자바나 C#과 같은 객체 지향 언어는 익혔지만 객체 지향 자체에 대한 이해가 부족한 개발자를 위해 가능한 복잡하지 않은 예제를 이용해 객체 지향의 원리, 원칙, 패턴 등을 설명한 책이다. 개발 경험은 많지만 객체 지향에 대한 전반적 이해가 필요한... ','2019-10-11 08:07:22','2019-10-11 08:07:22'),
    (11,'https://bookthumb-phinf.pstatic.net/cover/107/946/10794699.jpg?type=m1&udate=20170911','7가지 동시성 모델 (프로그래머라면 알아야 할 미래를 품은)','폴 부처','한빛미디어','8968482985 9788968482984','『7가지 동시성 모델』은 동시성 프로그래밍의 핵심 내용을 다루며, 액터나 함수형 프로그래밍 같은 기술이 전통적인 스레드와 잠금장치 문제를 어떻게 풀 수 있는지 알려준다. 기존의 스레드와 잠금장치부터 함수형 프로그래밍, 클로저, 액터, 순차 프로세스 통신, 데이터 병렬성, 람다 아키텍처 등 다양한... ','2019-10-11 08:08:28','2019-10-11 08:08:28'),
    (12,'https://bookthumb-phinf.pstatic.net/cover/146/344/14634432.jpg?type=m1&udate=20190321','스프링 부트 시작하기 (차근차근 따라 하는 단계별 실습)','김인우','인사이트','8966262309 9788966262304','동작 원리부터 학습 방법까지!무엇이든 처음 공부를 시작할 때는 자기가 무엇을 모르는지, 그래서 무엇을 공부해야 하는지 알기가 어렵다. 이 책에서는... 이 책의 목적은 스프링 부트 자체를 이해하는 데서 그치지 않는다. 분야에 상관 없이 앞으로 끝없이 만나게 될 새로운 내용을 어떤 식으로 공부하고... ','2019-10-11 08:08:46','2019-10-11 08:08:46'),
    (13,'https://bookthumb-phinf.pstatic.net/cover/140/975/14097515.jpg?type=m1&udate=20181023','이펙티브 자바 (Effective Java)','조슈아 블로크','인사이트','8966262287 9788966262281','자바 플랫폼 모범 사례 완벽 가이드 - JAVA 7, 8, 9 대응자바 6 출시 직후 출간된 『이펙티브 자바 2판』 이후로 자바는 커다란 변화를 겪었다. 그래서 졸트상에 빛나는 이 책도 자바 언어와 라이브러리의 최신 기능을 십분 활용하도록 내용 전반을 철저히 다시 썼다. 모던 자바가 여러 패러다임을... ','2019-10-11 08:09:16','2019-10-11 08:09:16'),
    (14,'https://bookthumb-phinf.pstatic.net/cover/097/546/09754695.jpg?type=m1&udate=20151105','네트워킹과 웹 성능 최적화 기법 (구글 엔지니어에게 듣는)','일리아 그리고릭','인사이트','8966261655 9788966261659','신속하고 효율적인 웹 애플리케이션을 만들어줄 지침서이 책은 웹 애플리케이션의 성능에 영향을 끼치는 네트워크 제약사항부터 보다 강력한... 또한, TCP, UDP, TLS 프로토콜의 성능 최적화 예시를 보여주고, 무선과 모바일 네트워크 환경에 맞춘 최적화 조건에 대해서도 자세히 설명하고... ','2019-10-11 08:09:41','2019-10-11 08:09:41'),
    (15,'https://bookthumb-phinf.pstatic.net/cover/147/965/14796595.jpg?type=m1&udate=20190629','자바 최적화 (Optimizing Java,가장 빠른 성능을 구현하는 검증된 10가지 기법)','벤저민 J. 에번스|제임스 고프|크리스 뉴랜드','한빛미디어','1162241772 9791162241776','자바 애플리케이션 성능을 한 단계 높여줄 튜닝 이야기\n\n성능 튜닝은 실험과학이다. 추측과 구전 튜닝에 의존할 일이 아니다. 이 책은 복잡한 기술 스택을 다루는 중/고급 자바 개발자에게 정량적이고 검증 가능한 접근 방식으로 자바 애플리케이션 성능을 튜닝하는 방법을 알려준다.\n\n성능 튜닝은 원하는 결과를... ','2019-10-11 08:10:02','2019-10-11 08:10:02'),
    (16,'https://bookthumb-phinf.pstatic.net/cover/139/875/13987505.jpg?type=m1&udate=20180928','카카오 AI 리포트','카카오 AI 리포트 편집진','북바이북','1185400826 9791185400822','인공지능에 관한 최신 담론과 정보를 전하는 &lt;카카오 AI 리포트&gt;를 책으로 만난다. 인공지능의 기본 개념, 역사, 윤리적 문제를 비롯해 의료, 교통, 음성인식, 기계번역 등 우리 삶의 모든 부분에 적용되는 AI 기술에 대한 통찰을 담았다. 또한 많은 이들이 궁금해하는 머신러닝, 딥러닝, 강화학습 등을... ','2019-10-11 08:10:33','2019-10-11 08:10:33'),
    (17,'https://bookthumb-phinf.pstatic.net/cover/103/125/10312578.jpg?type=m1&udate=20190204','JIRA Agile Essentials (스크럼과 칸반에 활용하는 지라 애자일)','패트릭 리','에이콘출판','8960778370 9788960778375','지라 애자일(JIRA AGILE)는 애틀라시안(ATLASSIAN) 사의 이슈 트래킹 시스템인 지라의 기능을 애자일 프로젝트 관리까지 확장시키는 플러그인이다. 이 책에서는 애자일 프로젝트 진행을 위해 필요한 스크럼, 칸반, 스프린트, 에픽, 사용자 스토리 등 기본적인 애자일 용어와 개념들을 먼저 소개하고, 지라... ','2019-10-11 08:10:59','2019-10-11 08:10:59'),
    (18,'https://bookthumb-phinf.pstatic.net/cover/062/002/06200221.jpg?type=m1&udate=20141001','그리스인 조르바 (열린책들 세계문학 21,Vios ke politia tu Aleksi Zorba)','카잔차키스','열린책들','8932909342 9788932909349','그리스의 대문호 니코스 카잔차키스의 소설 현대 그리스 문학을 대표하는 작가 니코스 카잔차키스의 장편소설『그리스인 조르바』. 카잔차키스에게 세계적인 명성을 안겨준 작품으로, 호쾌한 자유인 조르바가 펼치는 영혼의 투쟁을 풍부한 상상력으로 그리고 있다. 주인공인 조르바는 카잔차키스가 자기 삶에... ','2019-10-11 08:12:10','2019-10-11 08:12:10'),
    (19,'https://bookthumb-phinf.pstatic.net/cover/076/231/07623127.jpg?type=m1&udate=20150715','열혈강의 자바 웹 개발 워크북 (MVC 아키텍처 마이바티스 스프링으로 만드는 실무형 개발자 로드맵)','엄진영','프리렉','8965400678 9788965400677','이 책은 자바 웹 개발 기초에서 프레임워크를 사용하는 실무 내용까지 다루고 있다. JSP에 한정한 웹 프로그래밍이 아니라 변화한 현재의 동적인 웹 개발 환경에 맞도록 서블릿/JSP를 기본으로 웹 개발에 필요한 기술들을 설명하고 있다.','2019-10-11 08:12:44','2019-10-11 08:12:44'),
    (20,'https://bookthumb-phinf.pstatic.net/cover/070/065/07006514.jpg?type=m1&udate=20190212','토비의 스프링 3.1 Vol. 1 (스프링의 이해와 원리)','이일민','에이콘출판사','8960773417 9788960773417','&#x0D;&#x0D;『토비의 스프링 3.1』은 스프링을 처음 접하거나 스프링을 경험했지만 스프링이 어렵게 느껴지는 개발자부터 스프링을 활용한 아키텍처를 설계하고 프레임워크를 개발하려고 하는 아키텍트에 이르기까지 모두 참고할 수 있는 스프링 완벽 바이블이다.','2019-10-11 08:13:00','2019-10-11 08:13:00'),
    (21,'https://bookthumb-phinf.pstatic.net/cover/139/121/13912142.jpg?type=m1&udate=20191006','21세기를 위한 21가지 제언 (더 나은 오늘은 어떻게 가능한가)','유발 하라리','김영사','8934982977 9788934982975','『21세기를 위한 21가지 제언』은 환멸, 일, 자유, 평등, 종교, 이민, 테러리즘, 전쟁, 교육, 명상 등 21가지 테마로 나누어 불확실하고 복잡한 세계에 위기를 극복하고 더 나은 세계를 만들기 위한 새로운 청사진을 제시한다.\n\n저자는 이 책에서 신기술이 야기할 모든 영향을 다루는 것이 아니라, 주로 그것이 초래할... ','2019-10-11 08:13:43','2019-10-11 08:13:43'),
    (22,'https://bookthumb-phinf.pstatic.net/cover/001/509/00150914.jpg?type=m1&udate=20130629','몸과 영혼의 에너지 발전소','짐 로허|토니 슈워츠','한언','8955961677 9788955961676','에너지 고갈의 악순환에서 벗어나는 법 활기 있는 열정, 생기 넘치는 몸, 눈에 보이는 성과, 깊이 있는 인간관계와 일상의 보람에서 나오는 행복감… 우리가 갈구하는 이 모든 것의 출발점은 ‘몰입에너지... 몰입에너지다. 이 몰입에너지의 메커니즘을 명확히 꿰뚫어 프로그램화한 것이 바로 이 책에서 제시하고... ','2019-10-11 08:14:10','2019-10-11 08:14:10'),
    (23,'https://bookthumb-phinf.pstatic.net/cover/126/923/12692342.jpg?type=m1&udate=20171101','프로그래밍의 정석 (프로그래머가 반드시 알아야 할 101가지 원리 원칙)','우에다 이사오','프리렉','8965401968 9788965401964','『프로그래밍의 정석』에서 설명하는 프로그래밍의 정석에 관한 주요 정보의 출처와 관련 서적을 모두 읽으면 실력 향상에 많은 도움이 되겠지만, 초보자가 읽기 시작하면 몇 년이 걸릴 것입니다. 이 책에는 기술 서적만 800권 이상을 읽은 저자가 그중에서 핵심만을 추출하여 프로그래밍의 101가지 원리... ','2019-10-11 08:14:25','2019-10-11 08:14:25'),
    (24,'https://bookthumb-phinf.pstatic.net/cover/002/327/00232728.jpg?type=m1&udate=20170801','작은 것이 아름답다 (인간 중심의 경제를 위하여)','에른스트 슈마허','문예출판사','8931001843 9788931001846','경제학은 인간답게 살도록하는 상식이 바탕이 되어야 한다!『작은 것이 아름답다』는 실천적 경제학자이자 환경운동가로 유명한 슈마허의 역작으로 혁명적인 방법으로 서구 세계의 경제 구조를 바라본다. 슈마허는 경제 성장이 물질적인 풍요를 약속한다고 해도 그 과정에서 환경 파괴와 인간성 파괴라는 결과를... ','2019-10-11 08:14:32','2019-10-11 08:14:32'),
    (25,'https://bookthumb-phinf.pstatic.net/cover/078/825/07882515.jpg?type=m1&udate=20150715','백세코딩 (지속가능한 Life 프로젝트를 만나다, 행복한 흰머리 개발자로 살아가고픈 대한민국 모든 개발자를 위해)','신현묵','프리렉','8965400740 9788965400745','[백세코딩]은 행복한 흰머리 개발자로 살아가기 위한 모든 개발자들을 위한 안내서이다. 성공한 이야기보다 실패한 경험담을 들려주고, 그러한 실수와 실패를 피해가는 방법을 담고 있다. 또한 개발자가 갖추어야 할 꿈과 이를 이루기 위한 지식과 기술에 대해서 알아본다.','2019-10-11 08:14:37','2019-10-11 08:14:37'),
    (26,'https://bookthumb-phinf.pstatic.net/cover/001/203/00120324.jpg?type=m1&udate=20150807','내가 믿는 세상 (풍요로운 인간중심 사회)','에른스트 슈마허','문예출판사','8931004095 9788931004090','E. F. 슈마허의 《작은 것이 아름답다》 후속편 『내가 믿는 세상』. 1973년 11월부터 1977년 8월까지 잡지 《리서전스》에 실린 슈마허의 글 스물세 편을 엮은 책이다. 물질지상주의가 낳은 현대사회의 문제점을 통렬하게 비판하고, 풍요로운 인간중심의 새로운 패러다임을 제시한다.','2019-10-11 08:14:43','2019-10-11 08:14:43'),
    (27,'https://bookthumb-phinf.pstatic.net/cover/075/138/07513881.jpg?type=m1&udate=20150105','A/B Testing','Dan Siroker','Wiley','1118659171 4801118659175','&amp;amp;amp;amp;amp;lt;b&amp;amp;amp;amp;amp;gt;A guide to delivering a better user experience through A/B testing&amp;amp;amp;amp;amp;lt;/b&amp;amp;amp;amp;amp;gt;&amp;amp;amp;amp;amp;lt;p&amp;amp;amp;amp;amp;gt;&amp;amp;amp;amp;amp;lt;i... ','2019-10-11 08:14:58','2019-10-11 08:14:58'),
    (28,'https://bookthumb-phinf.pstatic.net/cover/133/659/13365931.jpg?type=m1&udate=20180314','작은 몰입 (눈앞의 성취부터 붙잡는 힘)','로버트 트위거','더퀘스트','1160504229 9791160504224','각각의 마이크로마스터리에는 4~6가지 단계의 지침이 담겨있다. 내용을 이해하기 쉽도록 삽화를 함께 수록하였다. 이처럼 마이크로마스터리를 통해 삶이 놀랍도록 편해지고, 지속적으로 작은 몰입과 성취를 맛본 사람에게는 무슨 일이든 적극적으로 해내는 의욕과 끈기가 생긴다는 깨달음을 얻을 수 있다.','2019-10-11 08:14:59','2019-10-11 08:14:59'),
    (29,'https://bookthumb-phinf.pstatic.net/cover/000/340/00034057.jpg?type=m1&udate=20130203','몰입의 즐거움','미하이 칙센트미하이','해냄출판사','8973378864 9788973378869','『몰입의 즐거움』은 지금 하고 있는 일에 몰입하는 순간 삶이 변화된다고 강조하는 교육학·심리학의 세계적인 권위자 칙센트미하이 박사의 명저이다. 1997년 국내에 첫 출간된 이후 인문교양 베스트셀러로 자리 잡았을 뿐 아니라 ‘일상의 새로운 행복’을 제시한다는 점에서 자기계발서로서도 큰 호...','2019-10-11 08:15:16','2019-10-11 08:15:16'),
    (30,'https://bookthumb-phinf.pstatic.net/cover/089/899/08989923.jpg?type=m1&udate=20160615','브루스 테이트의 세븐 랭귀지 (프로그래머라면 알아야 할 미래를 품은 7가지 언어)','브루스 테이트','한빛미디어','8968481857 9788968481857','[브루스 테이트의 세븐 랭귀지]는 일주일에 하나씩 7가지 언어를 익힐 수 있도록 구성한 폴리글랏 지침서이다. 책에서는 루비: 유연하면서도 강력한 동적 타이핑, IO: 자바스크립트의 핵심인 프로토타입 시스템, 프롤로그: 스칼라와 얼랭의 개발에 큰 영향을 준 패턴 매칭, 스칼라: 동시성 설계를 지탱하는... ','2019-10-11 08:15:31','2019-10-11 08:15:31'),
    (31,'https://bookthumb-phinf.pstatic.net/cover/082/728/08272885.jpg?type=m1&udate=20150717','탐험적 테스팅 (배우고 통찰하며 개선하는 소프트웨어 테스트)','엘리자베스 헨드릭슨','인사이트','8966261175 9788966261178','『탐험적 테스팅』은 주어진 요건대로 테스트하는 일반적인 테스팅과 달리 탐험적 테스팅은 작은 테스트를 만들어 시행하고 그 테스트에서 얻은 통찰을 바탕으로 다음 테스트를 구상하고 실행하기를 반복하는 방법이다. 이를 통해 미처 예상하지 못한 위험과 오류를 발견하고 수정할 수 있으며 소프트웨어를 좀... ','2019-10-11 08:15:39','2019-10-11 08:15:39'),
    (32,'https://bookthumb-phinf.pstatic.net/cover/084/003/08400313.jpg?type=m1&udate=20161223','칸반 (지속적 개선을 추구하는 소프트웨어 개발)','데이비드 J. 앤더슨','인사이트','8966261221 9788966261222','도요타 생산 시스템의 여러 이론과 방법론을 소프트웨어 개발에 적용한 칸반이란 실천법을 다룬 책. 칸반의 창시자 데이비드 J. 앤더슨이 쓴 이 책은 단순 매뉴얼이 아니라 칸반 저변의 사상부터 실례까지 칸반 전반을 다루며 칸반을 깊이 이해하고 실천할 수 있는 가이드를 제시한다.','2019-10-11 08:15:53','2019-10-11 08:15:53'),
    (33,'https://bookthumb-phinf.pstatic.net/cover/047/655/04765524.jpg?type=m1&udate=20150509','불확실성과 화해하는 프로젝트 추정과 계획 (규모 추정, 우선순위, 일정 배치)','마이크 콘','인사이트','8991268463 9788991268463','애자일 방법론을 통해 불확실성과 화해하라!프로세스와 프로젝트 관리를 전문적으로 컨설팅하고 교육하는  ''MOUNTAIN GOAT SOFTWARE ''의 창업자 마이크 콘의 『불확실성과 화해하는 프로젝트 추정과 계획』. 불확실성이 내제된 프로젝트를 추정하고 계획하는 데 효율적인 애자일 기술에 대한 실용적이고 결정적인... ','2019-10-11 08:17:10','2019-10-11 08:17:10'),
    (34,'https://bookthumb-phinf.pstatic.net/cover/063/562/06356256.jpg?type=m1&udate=20100828','Coaching Agile Teams (1st, Paperback) (A Companion for Scrummasters, Agile Coaches, and Project Managers in Transition)','Adkins|Lyssa','Addison-Wesley','0321637704 9780321637703','Migrating from &quot;command and control&quot; to agile coaching requires a whole new mind-set.In Coaching Agile Teams, Lyssa Adkins gives agile coaches the insights they need to adopt this new mind-set and to guide teams to extraordinary performance in a','2019-10-11 08:17:42','2019-10-11 08:17:42'),
    (35,'https://bookthumb-phinf.pstatic.net/cover/073/227/07322716.jpg?type=m1&udate=20131008','Scrum Shortcuts Without Cutting Corners','Addison-Wesley Professional','Addison-WesleyProfessional','0321822366 9780321822369','','2019-10-11 08:18:06','2019-10-11 08:18:06'),
    (36,'https://bookthumb-phinf.pstatic.net/cover/114/775/11477589.jpg?type=m1&udate=20190204','The Nature of Software Development (간결하게, 가치 있게, 하나씩 완성하기)','론 제프리스','한빛미디어','8968484651 9788968484650','그러나 언제나 길은 있다. 이 책 『THE NATURE OF SOFTWARE DEVELOPMENT』는 바로 그 길을 이야기한다. 방법은 매우 간단하다. 하지만 쉽지는 않다. “그렇구나” 하고 넘어가면 안 되고, 스스로 깊이 생각해봐야 한다. 이 책이 소프트웨어를 개발하는 본질적인 방법을 위한 나침반이 될 것이다.','2019-10-11 08:18:37','2019-10-11 08:18:37'),
    (37,'https://bookthumb-phinf.pstatic.net/cover/078/771/07877159.jpg?type=m1&udate=20161223','애자일 개발과 스크럼 (더 나은 자신과 팀을 위한 소프트웨어 개발 방법)','노나카 이쿠지로|히라나베 겐지','한빛미디어','8968481105 9788968481109','스크럼 제창자(노나카 이쿠지로)가 공저한 이 책은 애자일 개발과 스크럼에 대해 알아보고, 실천 방법과 본질을 깊숙히 살펴보면서  ''스크럼, 왜와 어떻게 ''라는 질문에 답변을 제시한다. 특히 스크럼 창시자인 제프 서덜랜드와의 인터뷰에서 그가 스크럼을 시작하게 된 계기와 그가 꿈꾸는 소프트웨어 세상을... ','2019-10-11 08:18:53','2019-10-11 08:18:53'),
    (38,'https://bookthumb-phinf.pstatic.net/cover/076/390/07639036.jpg?type=m1&udate=20170103','드림팀의 악몽 애자일로 뒤엎기 (산으로 가는 팀 프로젝트를 바로잡는 애자일 코칭법)','포샤 텅','한빛미디어','8968480974 9788968480973','이 책은 마치 “인생극장”을 연상시킨다. 1인칭 시점의 주인공 ‘나’는 애자일 코치가 되어 애자일 프로젝트를 수행한다. 이때 특정 상황에서 두 가지 선택의 기로에 놓이게 되고 선택에 따라 해당 페이지로 이동하면 서로 다른 결과에 직면한다. 선택에 따라 프로젝트가 성공하기도 하고, 실패로 끝나기도... ','2019-10-11 08:19:06','2019-10-11 08:19:06'),
    (39,'https://bookthumb-phinf.pstatic.net/cover/081/024/08102469.jpg?type=m1&udate=20170103','스크럼 성공전략 (성공하는 애자일을 위한 30가지 지름길)','일란 골드스타인','한빛미디어','8968481237 9788968481239','이 책은 스크럼을 도입하면 필연적으로 맞닥뜨릴 문제에 대한 30가지 대응 전략을 알려준다. 스크럼을 도입하고 더 나은 성과를 얻지 못하거나 지금보다... 수많은 스크럼을 경험한 공인 스크럼 트레이너인 일란 골드스타인이 프로젝트를 성공으로 이끄는 데 실질적으로 도움을 주는 각종 도구와 팁들을 제공하기... ','2019-10-11 08:19:21','2019-10-11 08:19:21'),
    (40,'https://bookthumb-phinf.pstatic.net/cover/072/041/07204139.jpg?type=m1&udate=20190204','칸반과 스크럼','헨릭 크니버그|마티아스 스카린','인사이트','8966260802 9788966260805','칸반과 스크럼의 정수를 취하다!『칸반과 스크럼』은 스크럼과 칸반을 유용하게 활용하는 방법을 제시하는 책이다. 칸반과 스크럼은 대표적인 애자일 소프트웨어 개발 방법론으로 단순하면서도 강력한 접근 방식이다. 1부에서는 칸반과 스크럼의 유사점과 차이점을 설명하면서 두 방법론을 이해할 수 있도록... ','2019-10-11 08:19:38','2019-10-11 08:19:38'),
    (41,'https://bookthumb-phinf.pstatic.net/cover/043/796/04379639.jpg?type=m1&udate=20150529','애자일 회고 (최고의 팀을 만드는 애자일 기법)','에스더 더비|다이애나 라센','인사이트','8991268382 9788991268388','회고, 즐겁게 돌이켜보고, 기민하게 해결하고, 강점을 살려주는 집단 점검의 시간!\n 모든 팀 리더와 희의 진행자(FACILITATOR)의 필독서.  ''회고 ''는 이터레이션이나 프로젝트 말미, 혹은 프로젝트 중간 목표를 달성한 후 점검 차 팀원들이 그동안의 행적을 돌이켜보고 자료를 수집하여 문제점을 밝혀낸 뒤,...','2019-10-11 08:19:51','2019-10-11 08:19:51'),
    (42,'https://bookthumb-phinf.pstatic.net/cover/048/991/04899173.jpg?type=m1&udate=20190315','스크럼 (팀의 생산성을 극대화시키는 애자일 방법론)','켄 슈와버|마이크 비들','인사이트','8991268471 9788991268470','스크럼 전문가 켄 슈와버, 마이크 비들의 『스크럼』. 팀의 생산성을 극대화시키는 애자일 방법론인  ''스크럼(Scrum) ''에 대해 소개한다. 저자들이 오랫동안 여러 가지 프로젝트를 해오면서 쌓아온 철학과 이론, 그리고 실천법 등을 사례와 함께 온전히 담고 있다.   이 책은 소프트웨어를 작성하거나 구성할 때마다... ','2019-10-11 08:20:00','2019-10-11 08:20:00'),
    (43,'https://bookthumb-phinf.pstatic.net/cover/030/288/03028832.jpg?type=m1&udate=20120209','린 소프트웨어 개발','Tom Poppendieck|Mary Poppendieck','인사이트','8991268099 9788991268098','소프트웨어 개발 분야를 이끌어 가는 사람들을 위한 생각 도구(Thinking tool)에 대해 다룬다. 도요타(toyota)란 자동차 제조업에서 유래되어 제조뿐만 아니라 유통, 제품 개발까지 혁명적으로 변화시킨 린(Lean) 원칙들을 효과적인 애자일 방법으로 전환하기 위한 도구 모음이다.  일곱 가지 린 원칙을...','2019-10-11 08:20:11','2019-10-11 08:20:11'),
    (44,'https://bookthumb-phinf.pstatic.net/cover/085/893/08589375.jpg?type=m1&udate=20190327','이것이 자바다 (신용권의 Java 프로그래밍 정복)','신용권','한빛미디어','8968481474 9788968481475','『이것이 자바다』은 15년 이상 자바 언어를 교육해온 자바 전문강사의 노하우를 아낌 없이 담아낸 자바 입문서이다. 자바 입문자를 배려한 친절한 설명과 배려로 1장에 풀인원 설치 방법을 제공하여 쉽게 학습환경을 구축할 수 있다. 또한 중급 개발자로 나아가기 위한 람다식(14장), JAVAFX(17장), NIO(18... ','2019-10-11 08:20:27','2019-10-11 08:20:27'),
    (45,'https://bookthumb-phinf.pstatic.net/cover/089/465/08946581.jpg?type=m1&udate=20160425','이것이 자바다 (JAVA 세상, JAVA 개발자로 가는길(무료 인터넷 강의, Q/A를 위한 네이버 자바 카페 운영))','신용권','한빛미디어','6000834225 9786000834227','15년 이상 자바 언어를 교육해온 자바 전문강사의 노하우를 아낌 없이 담아낸 자바 입문서. 저자 직강의 인터넷 강의와 Q/A를 위한 커뮤니티(네이커 카페)까지 무료로 제공하여 자바 개발자로 가는 길을 안내한다. ','2019-10-11 08:21:10','2019-10-11 08:21:10'),
    (46,'https://bookthumb-phinf.pstatic.net/cover/097/072/09707273.jpg?type=m1&udate=20160620','팟캐스트 나는 프로그래머다 1 (뉴욕, 서울, 도쿄 개발자의 촌철살인 IT 이야기)','임백준|정도현|김호강','한빛미디어','8968482284 9788968482281','IT인이라면 공감할 개발과 삶에 대한 나.프.다의 못다한 이야기![팟캐스트 나는 프로그래머다]는 임작가, 정개발, 데니스가 IT 현황과 최신 IT트랜드 개발자의 삶을 다루는 팟캐스트 [나는 프로그래머다]의 1회부터 11회 방송 내용을 언어, 개발, 삶 세 부분으로 재구성하여 더 깊고 더 체계적으로 개발자에게... ','2019-10-11 08:21:44','2019-10-11 08:21:44'),
    (47,'https://bookthumb-phinf.pstatic.net/cover/086/572/08657208.jpg?type=m1&udate=20170925','소셜 코딩으로 이끄는 GitHub 실천 기술','오오츠카 히로키','제이펍','1185890106 9791185890104','『소셜 코딩으로 이끄는 GITHUB 실천 기술』은 많은 개발자가 사용하고 있는 GITHUB를 실무에서 어떻게 사용하는지 설명하는 책이다. GITHUB의 기본적인 사용 방법부터 GITHUB를 활용한 개발 진행 과정과 개발을 지원해 주는 추가적인 도구들도 함께 설명하고 있다.','2019-10-11 08:22:20','2019-10-11 08:22:20'),
    (48,'https://bookthumb-phinf.pstatic.net/cover/106/802/10680229.jpg?type=m1&udate=20161223','Go 인 액션 (높은 생산성과 쉬운 프로그래밍을 위한,구글이 만든 차세대 언어!)','윌리엄 케네디|브라이언 케텔슨|에릭 St. 마틴','제이펍','118589053X 9791185890531','만족시키는 Go 언어. 이 책은 자바나 루비, 파이썬, C# 혹은 C++ 등의 언어를 실무에서 능숙하게 다루는 개발자를 대상으로 한다. 다른 프로그래밍 언어에 대한 경험을 토대로 Go를 공부하거나 언어와 그 내부 동작을 깊이 있게 이해하고자 한다면 이 책이 아주 적절할 것이다.  ''언어 명세 및 구현 '',  ''Go의 타입... ','2019-10-11 08:22:30','2019-10-11 08:22:30'),
    (49,'https://bookthumb-phinf.pstatic.net/cover/074/404/07440444.jpg?type=m1&udate=20170103','폴리글랏 프로그래밍 (새로운 자바 언어를 기다리는 히치하이커를 위한 안내서)','임백준','한빛미디어','8968480869 9788968480867','이 책은 제일 먼저 폴리글랏이라는 개념 자체에 대해 알아본다. 이어서 자바의 역사와 현주소를 짚어보고, 자바와 함께 동시대의 한 축을 담당했던 C#의 역사와 기능에 대해서 살펴보고, 마지막으로 JVM 위에서 차세대 언어로 주목을 받는 함수형 언어인 스칼라에 대해서 살펴본다. 책의 1부에서는 자바에 대해서... ','2019-10-11 08:22:42','2019-10-11 08:22:42'),
    (50,'https://bookthumb-phinf.pstatic.net/cover/071/177/07117739.jpg?type=m1&udate=20190203','프로그래밍 언어론','Robert W. Sebesta|하상호','PEARSON','8945006591 9788945006592','『프로그래밍 언어론』제10판. 이 책은 설계 고려사항을 제시하고, 설계 선택사항을 조사하고, 특정 언어에 국한되지 않은 설계 대안을 비평적으로 비교함으로써 프로그래밍 언어의 기본적인 개념을 서술한다. 총 16장으로 구성하여, 프로그래밍 언어의 기본적인 사항부터 논리형 프로그래밍 언어까지 살펴본다.','2019-10-11 08:22:55','2019-10-11 08:22:55'),
    (51,'https://bookthumb-phinf.pstatic.net/cover/059/020/05902081.jpg?type=m1&udate=20170103','HEAD FIRST SERVLETS & JSP (개정판)','브라얀 바샴|버트 베이츠|케이시 시에라','한빛미디어','8979146639 9788979146639','케이시 시에라, 버트 베이츠, 브라얀 바샴의 『HEAD FIRST SERVLETS & JSP』. 최신 J2EE 1.5 썬 인증 웹 컴퓨넌트 개발자(SUN CERTIFIED WEB COMPONENT DEVELOPER) 시험, 즉 최신 J2EE 1.5 SCWCD 시험을 준비하고 있는 사람들을 위해 저술된 것이다.   이 책은 상상력을 자극하는 몰입의 학습법으로 최신 J2EE... ','2019-10-11 08:23:21','2019-10-11 08:23:21'),
    (52,'https://bookthumb-phinf.pstatic.net/cover/085/099/08509980.jpg?type=m1&udate=20151019','HTTP 완벽 가이드 (웹은 어떻게 동작하는가)','데이빗 고울리|브라이언 토티|마조리 세이어|세일루 레디|안슈 아가왈','인사이트','8966261205 9788966261208','성공적인 웹 트랜잭션 뒤의 숨은 핵심, HTTP의 모든 것『HTTP 완벽 가이드』는 HTTP 규약이 어떻게 작동하고 웹 기반 애플리케이션을 개발하는 데 어떻게 사용하는지 설명하고, HTTP가 효율적으로 동작하도록 함께 사용하는 다른 핵심 인터넷 기술에 대해서 소개한 책이다. 책에서는 HTTP 메서드, 헤더... ','2019-10-11 08:23:38','2019-10-11 08:23:38'),
    (53,'https://bookthumb-phinf.pstatic.net/cover/141/347/14134742.jpg?type=m1&udate=20181110','PyTorch를 활용한 머신러닝, 딥러닝 철저 입문 (파이토치를 활용한 머신러닝, 딥러닝 알고리즘의 원리와 구현)','코이즈미 사토시','위키북스','1158391226 9791158391225','파이토치는 딥러닝 라이브러리 중에서도 세계적으로 널리 쓰이는 TORCH를 파이썬으로 포팅한 것으로, 페이스북이 자사 서비스에 활용하면서 주목받고 있다. 이 책은 초심자를 대상으로 이 라이브러리를 사용해 이상탐지나 이미지 인식 등을 구현하는 과정을 경험해 볼 수 있도록 구성했다.','2019-10-11 08:24:18','2019-10-11 08:24:18'),
    (54,'https://bookthumb-phinf.pstatic.net/cover/029/448/02944896.jpg?type=m1&udate=20150618','Head First Software Development','Dan Pilone','Oreilly&AssociatesInc','0596527357 9780596527358','INSTEAD OF SURRENDERING TO THESE COMMON PROBLEMS, LET HEAD FIRST SOFTWARE DEVELOPMENT GUIDE YOU THROUGH THE BEST PRACTICES OF SOFTWARE DEVELOPMENT. BEFORE YOU KNOW IT, THOSE FAILED PROJECTS WILL BE A THING OF THE PAST. WITH ITS UNIQUE VISUALLY RICH FORMAT','2019-10-11 08:24:43','2019-10-11 08:24:43'),
    (55,'https://bookthumb-phinf.pstatic.net/cover/062/486/06248623.jpg?type=m1&udate=20101028','클린 코드 (완벽한 코드작성을 위한)','로버트 C. 마틴','케이앤피IT','8964200373 9788964200377','완벽한 코드 작성을 위한 『클린 코드』. 클린코드를 작성하는 원칙, 패턴, 실기를 설명하고 사례 연구를 소개한다. 또한 사례 연구를 만들면서 수집한 ‘냄새’와 발견법을 열거하여 코드를 읽고 짜고 정리하는 과정에서 독자가 생각하는 방식을 묘사한 지식을 얻을 수 있도록 구성했다.','2019-10-11 08:26:13','2019-10-11 08:26:13'),
    (56,'https://bookthumb-phinf.pstatic.net/cover/107/412/10741266.jpg?type=m1&udate=20170103','함수형 사고 (객체지향 개발자에서 함수형 개발자로 거듭나기)','닐 포드','한빛미디어','8968482969 9788968482960','객체지향과 함수형 사이에 놓인 늪을 건너는 방법[함수형 사고]는 객체지향 언어에 길든 개발자들에게 예제를 통해 함수형으로 ‘생각’하는 법을 깨닫게 해주는 책이다. 스칼라 같은 함수형 언어의 수요가 늘고 있지만 자바 같은 객체지향에 익숙한 개발자들은 함수형 패러다임으로 넘어가는 데 어려움을 겪고... ','2019-10-11 08:26:23','2019-10-11 08:26:23'),
    (57,'https://bookthumb-phinf.pstatic.net/cover/073/902/07390287.jpg?type=m1&udate=20190426','Clean Code (클린 코드,애자일 소프트웨어 장인 정신)','로버트 C. 마틴','인사이트','8966260950 9788966260959','『CLEAN CODE(클린 코드)』은 오브젝트 멘토(OBJECT MENTOR)의 동료들과 힘을 모아 ‘개발하며’ 클린 코드를 만드는 최상의 애자일 기법을 소개하고 있다. 소프트웨어 장인 정신의 가치를 심어 주며 프로그래밍 실력을 높여줄 것이다. 여러분이 노력만 한다면. 어떤 노력이 필요하냐고? 코드를 읽어야 한다.... ','2019-10-11 08:26:31','2019-10-11 08:26:31'),
    (58,'https://bookthumb-phinf.pstatic.net/cover/044/411/04441100.jpg?type=m1&udate=20160611','자바 성능을 결정짓는 코딩 습관과 튜닝 이야기','이상민','한빛미디어','8979145225 9788979145229','유용한 튜닝 정보와 코딩 습관을 한 권에 정리!「BLOG 2 BOOK」시리즈 제3권『자바 성능을 결정짓는 코딩 습관과 튜닝 이야기』. 이 책은 더 빠른 성능을 위한 코딩 습관과 튜닝 기법 노하우를 담고 있다. 그동안 너무 고차원적이라고, 또는 고급 개발자들의 전유물이라고 여겨졌던 고성능 지향 코딩 방법과 튜닝... ','2019-10-11 08:26:42','2019-10-11 08:26:42'),
    (59,'https://bookthumb-phinf.pstatic.net/cover/066/547/06654751.jpg?type=m1&udate=20170103','자바 개발자와 시스템 운영자를 위한 트러블 슈팅 이야기','이상민','한빛미디어','8979148305 9788979148305','시스템에서 발생하는 문제의 원인을 진단하는 자바 트러블 슈팅 가이드. 자바 시스템에서 문제가 발생했을 때 어떻게 원인을 찾는지 진단하는 방법을 알려준다. 자바 시스템에서의 성능 관리보다는 문제를 진단하는데 초점을 맞추었다. 문제 진단에 사용하는 무료 툴과 사용법을 소개하고, 시스템 장애가... ','2019-10-11 08:26:55','2019-10-11 08:26:55'),
    (60,'https://bookthumb-phinf.pstatic.net/cover/094/290/09429046.jpg?type=m1&udate=20171016','하스켈로 배우는 함수형 프로그래밍','오카와 노리유키','제이펍','1185890297 9791185890296','[하스켈로 배우는 함수형 프로그래밍]은 함수형 언어인 하스켈(HASKELL)의 최신 버전을 사용하면서 현업의 실무자들을 위해 자바 8, C++ 11, C, 자바스크립트, 루비 등의 각종 명령형 언어와의 차이를 설명하고, 언어마다 새로운 기능의 활용 방법과 주의점 등을 풍부하게 포함하였다. 또한, 하향식 사고법과... ','2019-10-11 08:27:08','2019-10-11 08:27:08'),
    (61,'https://bookthumb-phinf.pstatic.net/cover/072/625/07262575.jpg?type=m1&udate=20190204','자바스크립트를 깨우치다 (객체로 풀어보는 JavaScript의 원리)','코디 린들리','비제이퍼블릭','8994774432 9788994774435','『자바스크립트를 깨우치다』는 자바스크립트 라이브러리를 사용하고 있는 초중급&#12539;중급 자바스크립트 개발자에게 가이드를 제공하는 책이다. 이 책은 객체를 중점적으로 살펴보고, 자바스크립트라는 언어에 대해 정확한 관점을 제시한다. 또한, 복합객체, 원시값, 스코프, 상속 등에 대해 배우고... ','2019-10-11 08:27:23','2019-10-11 08:27:23'),
    (62,'https://bookthumb-phinf.pstatic.net/cover/045/323/04532339.jpg?type=m1&udate=20101028','HEAD FIRST SQL (효율적인 DB관리를 위한 SQL 학습법)','린 베일리','한빛미디어','8979145608 9788979145601','기본적인 데이터와 테이블 조작부터 SELECT, DELETE, UPDATE, 조인, 서브 쿼리, 보안 등 주요 문법을 순차적으로 설명한다. 또 착실하게 배운 문법을 확실하게 사용할 수 있도록 수많은 문제와 트랩을 설치해 여러분이 혼자 생각하고 활용할 수 있는 능력을 길러준다.','2019-10-11 08:27:42','2019-10-11 08:27:42'),
    (63,'https://bookthumb-phinf.pstatic.net/cover/099/551/09955189.jpg?type=m1&udate=20170711','소프트웨어 악취를 제거하는 리팩토링 (구조적 설계 문제를 풀어내는 최선의 실천법)','기리쉬 서야나라야나|가네쉬 사마스얌|터셔 샤르마','길벗','1186978325 9791186978320','『소프트웨어 악취를 제거하는 리팩토링』은 소프트웨어 개발자가 설계 원칙을 어길 때 어떤 악취가 발생하는지를 파악하여 설계 과정에서 직면한 다양한 도전을 탐구한다. 코드 수준보다 추상화 단계가 높은 설계 수준에서 발생하는 다양한 악취, 악취를 일으킨 원인과 해소 방법, 악취가 영향을 미치는 핵심... ','2019-10-11 08:29:46','2019-10-11 08:29:46'),
    (64,'https://bookthumb-phinf.pstatic.net/cover/070/306/07030647.jpg?type=m1&udate=20170103','만들면서 배우는 인터프리터 (컴파일러 이론으로 만드는 나만의 스크립트 언어)','하야시 하루히코','한빛미디어','8979149042 9788979149043','인터프리터를 만들면서 컴파일러 이론을 배우고 인터프리터 작성 원리를 학습하는 책이다. 컴파일러 이론에 대해 관심이 많고 인터프리터(스크립트 언어)를 만들어보고 싶은 개발자, 컴파일러 수업을 듣는 컴퓨터 공학과 2~3학년 학생에게 적당하다. &#x0D;&#x0D;C++ 언어를 이용해 BBI라는 인터프리터를 단계별로... ','2019-10-11 08:29:58','2019-10-11 08:29:58'),
    (65,'https://bookthumb-phinf.pstatic.net/cover/080/645/08064518.jpg?type=m1&udate=20170915','이펙티브 자바 (Effective Java,최신 자바 7 8에 대한 주석 수록)','조슈아 블로크','인사이트','8966261167 9788966261161','JAVA, 더 깔끔하고, 정확하고, 안전하며, 재사용이 쉬운 코드로 만들자!『EFFECTIVE JAVA(이펙티브 자바)』는 효율적이면서도 잘 설계된 자바 프로그램을 구현하기 위해 알아야 할 지침 78가지를 소개한 책이다. JAVA SE 5, JAVA SE 6에 새롭게 도입된 기능들을 반영하고, 새로운 기능들을 최대한... ','2019-10-11 08:30:35','2019-10-11 08:30:35'),
    (66,'https://bookthumb-phinf.pstatic.net/cover/086/578/08657832.jpg?type=m1&udate=20171016','그림으로 배우는 HTTP & Network Basic (재미있게 배워보는 웹과 네트워크 입문)','우에노 센','영진닷컴','8931447892 9788931447897','[그림으로 배우는 HTTP & NETWORK BASIC]은 웹의 근간을 이루는 HTTP를 중심으로 하여 웹, 인터넷 데이터 통신 분야의 기초가 되는 내용들을 다루고 있다. 초반부에는 인터넷의 역사부터 시작해 인터넷을 하면서 자주 보게 되는 프로토콜인 TCP/IP를 비롯해 여러 프로토콜에 대해 설명하고... ','2019-10-11 08:35:21','2019-10-11 08:35:21'),
    (67,'https://bookthumb-phinf.pstatic.net/cover/128/124/12812447.jpg?type=m1&udate=20190204','SQL 코딩의 기술 (Effective SQL)','존 비아시에스|더글러스 스틸|벤 클로디어','길벗','1160503427 9791160503425','SQL은 대부분의 데이터베이스 시스템과 소통하는 데 사용되는 표준 언어다. 이 책에서는 대표적인 DBMS인 오라클, SQL Server, MySQL, PostgreSQL, 액세스에서 SQL을 사용하는 방법을 비교해 보여준다. 또한, SQL을 사용하면서 어려움에 부딪힐 수 있는 여러 상황을 주제별로 정리해 61가지 Better way에... ','2019-10-14 03:59:06','2019-10-14 03:59:06'),
    (68,'https://bookthumb-phinf.pstatic.net/cover/107/653/10765371.jpg?type=m1&udate=20190202','1만 시간의 재발견','안데르스 에릭슨|로버트 풀','비즈니스북스','1186805285 9791186805282','《1만 시간의 재발견》은 ‘1만 시간’ 연구의 창시자인 안데르스 에릭슨 박사의 국내 첫 출간작으로, 우리가 그동안 잘못 알고 있던 ‘1만 시간의 법칙’에 대한 오해를 바로잡고, 인간의 적응력과 성취에 대한 새로운 사고방식을 제시한다.&#x0D;&#x0D;','2019-10-14 03:59:15','2019-10-14 03:59:15'),
    (69,'https://bookthumb-phinf.pstatic.net/cover/092/525/09252528.jpg?type=m1&udate=20191001','자바 ORM 표준 JPA 프로그래밍 (에이콘 오픈 소스 프로그래밍 시리즈,스프링 데이터 예제 프로젝트로 배우는 전자정부 표준 데이터베이스 프레임워크)','김영한','에이콘출판','8960777331 9788960777330','자바 ORM 표준 JPA는 SQL 작성 없이 객체를 데이터베이스에 직접 저장할 수 있게 도와주고, 객체와 관계형 데이터베이스의 차이도 중간에서 해결해준다. 이 책은 JPA 기초 이론과 핵심 원리, 그리고 실무에 필요한 성능 최적화 방법까지 JPA에 대한 모든 것을 다룬다. 또한, 스프링... ','2019-10-17 01:57:33','2019-10-17 01:57:33'),
    (70,'https://bookthumb-phinf.pstatic.net/cover/139/203/13920339.jpg?type=m1&udate=20180822','성공과 실패를 결정하는 1%의 네트워크 원리','Tsutomu Tone','성안당','8931555768 9788931555769','이 책은 네트워크 기술을 해설한 &lt;성공과 실패를 결정하는 1%의 네트워크 원리&gt;의 제2판입니다. 이 책에는 제1판과 마찬가지로 비슷한 부류의 다른 책에는 없는 몇 가지 특징이 있습니다.  첫째, 네트워크 전체의 움직임을 해설했습니다. TCP/IP나 이더넷이라는 개별적인 기술을 보여주기만 해서는 ''네트워크... ','2019-10-17 02:01:42','2019-10-17 02:01:42'),
    (71,'https://bookthumb-phinf.pstatic.net/cover/101/607/10160776.jpg?type=m1&udate=20190216','SQL 레벨업 (DB 성능 최적화를 위한 SQL 실전 가이드)','미크','한빛미디어','8968482519 9788968482519','『SQL 레벨업』은 《SQL 첫걸음》으로 성공적인 입문을 마치고, 다음 고지를 바라보는 이들을 위한 책이다. 고성능 SQL 작성 방법을 초보자 눈높이에 맞춰 다양한 예제를 통해 설명한다. 특히 오라클과 호환성을 목표로 하는 오픈소스인 POSTGRESQL을 사용하여 모든 예제를 작성했고, 둘의 수행 결과가 상이한... ','2019-11-01 04:36:16','2019-11-01 04:36:16'),
    (72,'https://bookthumb-phinf.pstatic.net/cover/066/805/06680572.jpg?type=m1&udate=20190203','도메인 주도 설계 (소프트웨어의 복잡성을 다루는 지혜)','에릭 에반스','위키북스','899293985X 9788992939850','소프트웨어의 복잡성을 다루는 지혜『도메인 주도 설계』. 이 책은 독자에게 도메인 주도 설계에 대한 체계적인 접근법을 제공하고 폭넓은 우수 설계 실천법과 경험을 토대로 한 기법, 복잡한 도메인에 직면한 소프트웨어 프로젝트의 발전을 가능하게 하는 근본 원칙을 제시한다. 설계 및 개발 원칙들을 실은 이... ','2019-11-01 04:46:12','2019-11-01 04:46:12'),
    (73,'https://bookthumb-phinf.pstatic.net/cover/155/599/15559982.jpg?type=m1&udate=20191030','홀로 성장하는 시대는 끝났다 (세계 최고 기업들이 주목하는 커뮤니티 리더십이 온다)','이소영','더메이커','1187809314 9791187809319','국내외 2,000여 명의 소프트웨어 전문가들과의 인터뷰&#x0D;세계 최고의 기업들은 왜 커뮤니티 리더를 주목하는가&#x0D;&#x0D;『홀로 성장하는 시대는 끝났다』는 마이크로소프트에서 아시아 리전 매니저로 일하고 있는 이소영 이사가 지난 8년간 한국뿐 아니라 아시아 전 지역에서 활동하고 있는 IT 커뮤니티... ','2019-11-01 04:46:39','2019-11-01 04:46:39'),
    (74,'https://bookthumb-phinf.pstatic.net/cover/147/252/14725267.jpg?type=m1&udate=20190423','리얼월드 HTTP (역사와 코드로 배우는 인터넷과 웹 기술)','시부카와 요시키','한빛미디어','1162240903 9791162240908','curl과 Go 언어로 배우는 HTTP의 과거, 현재, 미래  웹 세상을 지탱하는 HTTP 기술의 변천사와 버전별 문법 및 의미론을 살펴보는 책입니다. HTTP 1.0, 1.1을 거쳐 2.0까지 브라우저 내부에서 일어나는 일과 서버와의 상호작용 등을 삽화와 예시로 소개합니다. curl, Go 언어, 자바스크립트 코드 예제로... ','2019-11-01 04:46:50','2019-11-01 04:46:50'),
    (75,'https://bookthumb-phinf.pstatic.net/cover/068/765/06876538.jpg?type=m1&udate=20171011','프로가 되기 위한 웹 기술 입문','고모리 유스케','위키북스','899293999X 9788992939997','아이디어를 활용하여 웹 애플리케이션을 만들도록 이끌어주는  『프로가 되기 위한 웹 기술 입문』. 이 책은 HTML에 대한 기초 지식과 간단한 프로그래밍 지식을 갖춘 사람들에게 웹 애플리케이션을 개발하기 위한 기본 지식과 역사, 배경을 일깨운다. 통신 기술과 소프트웨어 개발 기술의 양면을 다루는... ','2019-11-01 04:46:59','2019-11-01 04:46:59'),
    (76,'https://bookthumb-phinf.pstatic.net/cover/074/671/07467119.jpg?type=m1&udate=20190204','실용주의 프로그래머','앤드류 헌트|데이비드 토머스','인사이트','8966261035 9788966261031','프로그래밍은 대체로 머리로 하는 일이지만 한편으로는 몸에 새겨져야 하고 때로는 그 이상의 통찰을 발휘해야 하는 상황에 맞닥뜨리게 되는 복합적인 작업이다. 인터넷의 등장 이후 베껴 쓸 코드가 넘쳐서 누구나 동등한 조건 아래 개발하는 시대 같지만 이른바 고수와 자칭 초보(라지만 실은 어중간한 경력)의... ','2019-11-01 04:47:16','2019-11-01 04:47:16'),
    (77,'https://bookthumb-phinf.pstatic.net/cover/152/611/15261103.jpg?type=m1&udate=20190929','모던 자바 인 액션 (람다, 스트림, 함수형, 리액티브 프로그래밍으로 새로워진 자바 마스터하기)','라울-게이브리얼 우르마|마리오 푸스코|앨런 마이크로프트','한빛미디어','1162242027 9791162242025','자바 1.0이 나온 이후 18년을 통틀어 가장 큰 변화가 자바 8 이후 이어지고 있다. 자바 8 이후 모던 자바를 이용하면 기존의 자바 코드 모두 그대로 쓸 수... 이 책은 『자바 8 인 액션』의 개정판으로서 1, 8, 10, 4, 17, 21장은 신규 추가되거나, 그에 준하는 큰 수정이 있었다. 부록을 뺀 나머지 모든 장도 수정... ','2019-11-01 04:47:49','2019-11-01 04:47:49'),
    (78,'https://bookthumb-phinf.pstatic.net/cover/150/647/15064709.jpg?type=m1&udate=20190725','자바와 JUnit을 활용한 실용주의 단위 테스트','제프 랭어|앤디 헌트|데이브 토마스','길벗','1160508380 9791160508383','『실용주의 프로그래머』의 앤디 헌트와 데이브 토마스가 알려주는 실용주의 단위 테스트!  클린 코드의 핵심인 단위 테스트, 어디서 어떻게 시작해야 할까? 책에서는 단위 테스트의 개념과 작성 이유부터 테스트 가이드라인, 목 객체 사용법, 자동화된 단위 테스트, 리팩토링까지 단위 테스트의 핵심 내용을... ','2019-11-01 04:48:22','2019-11-01 04:48:22'),
    (79,'https://bookthumb-phinf.pstatic.net/cover/019/673/01967311.jpg?type=m1&udate=20141122','UML DISTILLED (표준 객체 모델링 언어 입문)','MARTIN FOWLER','홍릉과학출판사','8972832618 9788972832614','이 책에서는 UML의 역사와 개발 과정, 동기를 소개하고 그것이 어떻게 객체지향 개발 공정과 접목될 수 있을 것인지 논하고 있다. 또한 UML과 연관된 다양한 모델링 기법들, 교류 등을 다루고 그 표기법과 의미 등을 명확하고 간결하게 설명하고 있다.','2019-11-01 04:48:37','2019-11-01 04:48:37'),
    (80,'https://bookthumb-phinf.pstatic.net/cover/108/090/10809054.jpg?type=m1&udate=20160710','관계형 데이터베이스 실전 입문 (원리부터 배우는)','오쿠노 미키야','위키북스','1158390378 9791158390372','이 책에서는 SQL과 관계형 모델 간의 관계부터, 술어 논리, 정규화 이론, SELECT에 대한 상세한 해설, 애플리케이션 개발에서의 데이터 구조, 리팩터링, 트랜잭션 등 다양한 주제의 이론과 실전을 병행하여 상세하게 설명한다. SQL을 다시 한 번 제대로 공부하고 싶은 사람, 관계형 모델에 대해 좀 더 깊이 있게... ','2019-11-01 04:49:06','2019-11-01 04:49:06'),
    (81,'https://bookthumb-phinf.pstatic.net/cover/135/400/13540082.jpg?type=m1&udate=20190215','카프카, 데이터 플랫폼의 최강자 (실시간 비동기 스트리밍 솔루션 Kafka의 기본부터 확장 응용까지)','고승범|공용준','책만','1196203725 9791196203726','국내 최대 모바일 플랫폼 회사인 카카오에서  ''전사 공용 카프카 '' 서비스를 운영하고, 데이터 파이프라인과 빅데이터 플랫폼을 구축한 저자들의 풍부한 지식, 생생한 실전 경험, 노하우가 가득 담긴 책!  카프카 사용자는 물론이고 아직 카프카를 도입하지 않은 기업이나 담당자들을 대상으로, 카프카를 손쉽게... ','2019-11-01 04:49:19','2019-11-01 04:49:19'),
    (82,'https://bookthumb-phinf.pstatic.net/cover/147/330/14733062.jpg?type=m1&udate=20190424','엘라스틱서치 실무 가이드 (한글 검색 시스템 구축부터 대용량 클러스터 운영까지)','권택환|김동우|김흥래|박진현|최용호','위키북스','115839148X 9791158391485','이 책은 오픈소스 검색엔진의 대표 주자인 엘라스틱서치에 대한 전반적인 내용을 다룬다. 하지만 단순히 엘라스틱서치의 기능을 단편적으로만 설명하고 끝내는 것이 아니라 한국 검색 시장에 맞게 한글 형태소 분석기를 이용하는 방법이나 한글 자동완성 구현 원리, 대용량 클러스터 운영을 위한 노하우까지도... ','2019-11-01 04:49:34','2019-11-01 04:49:34'),
    (83,'https://bookthumb-phinf.pstatic.net/cover/140/320/14032002.jpg?type=m1&udate=20181107','레거시 코드 활용 전략 (손대기 두려운 낡은 코드, 안전한 변경과 테스트 기법)','마이클 C. 페더스','에이콘출판','1161752072 9791161752075','▶ 레거시 코드 활용 전략에 관한 내용을 담은 전문서적입니다.','2019-11-01 04:49:45','2019-11-01 04:49:45'),
    (84,'https://bookthumb-phinf.pstatic.net/cover/156/530/15653089.jpg?type=m1&udate=20191101','심플 소프트웨어 (코드의 단순성, 가독성, 안정성, 유지보수)','맥스 카넷-알렉산더','길벗','1160509514 9791160509519','100년 뒤에도 유용할 소프트웨어 설계 원칙 & 프로그래머의 바른 길!GOOGLE의 코드 건강(CODE HEALTH), 즉 코드의 가독성, 안정성, 단순성... 수많은 프로그래머가 올바른 방법으로 소프트웨어를 설계하고, 더 나은 코드를 작성하도록 도와준 ‘소프트웨어 설계 원칙’을 차근차근 이야기해 준다.','2019-11-01 10:17:52','2019-11-01 10:17:52'),
    (85,'https://bookthumb-phinf.pstatic.net/cover/112/115/11211590.jpg?type=m1&udate=20190817','배민다움 (배달의민족 브랜딩 이야기)','홍성태','북스톤','1187289086 9791187289081','창업부터 브랜딩까지, 세상에 없는 ‘자기다움’으로 승부할 수 있는가?기발한 기획력과 마케팅 감각으로 6년 남짓의 길지 않은 시간 동안 자기다움, 즉 ‘배민다움’을 만들어내는 데 성공한 회사 배달의민족. 과연 어떤 점이 배달의민족을 유독 앞서가게 했을까? 『배민다움』은 그에 관한 이야기를 담은... ','2019-11-04 06:56:31','2019-11-04 06:56:31'),
    (86,'https://bookthumb-phinf.pstatic.net/cover/089/426/08942623.jpg?type=m1&udate=20150420','GoF의 디자인 패턴 (재사용성을 지닌 객체지향 소프트웨어의 핵심요소)','에릭 감마|리처드 헬름|랄프 존슨|존 블리시디스','프로텍미디어','1195444958 9791195444953','▶ 이 책은 디자인 패턴을 다룬 이론서입니다. 디자인 패턴의 기초적이고 전반적인 내용을 학습할 수 있습니다.','2019-11-04 06:58:02','2019-11-04 06:58:02'),
    (87,'https://bookthumb-phinf.pstatic.net/cover/107/412/10741267.jpg?type=m1&udate=20160704','팟캐스트 나는 프로그래머다 2 (알맹이만 쏙쏙, 방송보다 더 밀도 높게 더 유용하게)','임백준|정도현|김호광','한빛미디어','896848290X 9788968482908','서울, 도쿄, 뉴욕에 사는 프로그래머가 수다를 떨기 위해서 모였다. 보안 전문가 데니스, 도쿄의 아키텍트 정개발, 그리고 뉴욕의 프로그래머 임작가가 새로운 패러다임과 기술을 소개하고, 프로그래머들의 삶과 애환을 이야기한다. 여러 분야의 전문가를 초대해서 웃음과 배움이 넘치는 대화를 나누고, 한국의... ','2019-11-04 06:58:08','2019-11-04 06:58:08'),
    (88,'https://bookthumb-phinf.pstatic.net/cover/073/994/07399482.jpg?type=m1&udate=20170103','해커와 화가','폴 그레이엄','한빛미디어','8968480710 9788968480713','프로그래밍 방법론에서 시작해 일반적인 미학으로 연결되는 인문학적 프로그래밍!『해커와 화가』는 천재 해커이자 와이 콤비네이터의 공동창업자로 알려진 폴 그레이엄이 광범위한 컴퓨터 세상에서 일어나고 있는 일들을 에세이 형식으로 풀어낸 책이다. 2003년에 집필한 이 책은 웹 기반 소프트웨어의 출현... ','2019-11-04 06:58:13','2019-11-04 06:58:13'),
    (89,'https://bookthumb-phinf.pstatic.net/cover/089/207/08920762.jpg?type=m1&udate=20170602','스프링 입문을 위한 자바 객체 지향의 원리와 이해','김종민','위키북스','8998139944 9788998139940','이 책은 자바에서 스프링으로 나아가기 위한 연결 고리를 제공한다.','2019-11-04 06:58:17','2019-11-04 06:58:17'),
    (90,'https://bookthumb-phinf.pstatic.net/cover/150/077/15007773.jpg?type=m1&udate=20190608','오브젝트 (코드로 이해하는 객체지향 설계)','조영호','위키북스','1158391404 9791158391409','《객체지향의 사실과 오해》가 첫번째 걸음과 두번째 걸음인 객체와 협력에 초점을 맞췄다면 《오브젝트: 코드로 이해하는 객체지향 설계》는 세번째와 네번째 걸음인 책임의 할당과 그 구현에 초점을 맞춘다. 이 책을 읽고 나면 객체에 적절한 역할과 책임을 부여하는 방법과 유연하면서도 요구사항에 적절한... ','2019-11-04 06:58:31','2019-11-04 06:58:31'),
    (91,'https://bookthumb-phinf.pstatic.net/cover/145/643/14564323.jpg?type=m1&udate=20190222','객체지향 프로그래밍 (한 번 읽으면 두 번 깨닫는)','김동헌','e비즈북스','1157831354 9791157831357','프로그래머라면 피해갈 수 없는 ‘객체지향’의 개념과 원리 기초부터 활용까지 객체지향을 넓고 깊게 바라보는 새로운 솔루션  IT 분야에 종사한다면 누구나 들어보았을 객체지향 프로그래밍. C#과 JAVA로부터 KOTLIN과 마이크로서비스에 이르기까지 객체지향은 너무나 기본적인 개념으로 자리잡았다. 그러나... ','2019-11-04 07:10:36','2019-11-04 07:10:36'),
    (92,'https://bookthumb-phinf.pstatic.net/cover/155/165/15516537.jpg?type=m1&udate=20191001','그래서 컴퓨터는 어떻게 동작하나요? (단순 게이트에서 범용 연산 기계까지)','J. 클라크 스코트','인사이트','8966262503 9788966262502','어떻게 컴퓨터는 다양하고도 어려운 일들을 쉽게 해내는 걸까? 컴퓨터는 스스로 생각할 수 있는 걸까?우리는 흔히 컴퓨터를 매우 복잡한 기계라고 생각합니다. 그런데 이 책은 컴퓨터가 실은 간단한 부품을 차곡차곡 쌓아 올려 만든 단순한 기계이며 이러한 부품들이 상호 작용하는 방법을 이해하면 컴퓨터의 동작... ','2019-11-21 01:40:31','2019-11-21 01:40:31'),
    (93,'https://bookthumb-phinf.pstatic.net/cover/155/176/15517601.jpg?type=m1&udate=20191003','IT에 몸담은 이들을 위한 지적 생산 기술','니시오 히로카즈','제이펍','1188621718 9791188621712','이 책은 그 고민에 대한 해결책으로, 엔지니어의 프로그래밍과 글쓰기라는 예를 통해 지적 생산 기술을 제안합니다. 아울러 다양한 지적 생산 기술의 특징과 공통점을 파악하고, 그중 어느 것이 중요한지를 알려줍니다. 또한, 저자가 평소에 자주 하는 구체적인 방법뿐만 아니라 시행착오 사례들도 공개하고... ','2019-11-21 01:41:37','2019-11-21 01:41:37'),
    (94,'https://bookthumb-phinf.pstatic.net/cover/087/794/08779469.jpg?type=m1&udate=20171009','CODE (하드웨어와 소프트웨어에 숨어 있는 언어)','찰스 펫졸드','인사이트','8966261256 9788966261253','[CODE]는 다른 사람들과 의사소통하기 위하여 언어를 조작하고 새로운 의미를 만들어내는 독창적인 방법들을 소개한다. 또한 다른 사람들과 의사소통을 하려는 인간의 강렬한 욕망이 어떻게, 지난 두 세기 동안 기술적인 발전을 이루어냈는지 독득한 시각을 제공한다.','2019-11-21 01:41:39','2019-11-21 01:41:39'),
    (95,'https://bookthumb-phinf.pstatic.net/cover/154/312/15431217.jpg?type=m1&udate=20191031','전문가를 위한 스프링 5 (스프링을 깊이 있게, 철저하게!)','율리아나 코스미나|롭 해롭|크리스 샤이퍼|클라렌스 호','길벗','1160508860 9791160508864','스프링 개발자와 가장 오랜 시간을 함께한 스프링 중급서!  1판이 출간된 이후 5판까지 꾸준히 개정되며 스프링 중급서의 위치를 지켜왔다. 스프링 입문자가 아니라 실제로 현업에서 스프링을 개발하면서 알아야 하는 깊이 있는 정보를 체계적으로 정리하고 전달해왔다. 스프링의 기초와 핵심 개념부터... ','2019-11-21 01:41:41','2019-11-21 01:41:41'),
    (96,'https://bookthumb-phinf.pstatic.net/cover/139/119/13911953.jpg?type=m1&udate=20190810','스프링5 레시피 (스프링 애플리케이션 개발에 유용한 161가지 문제 해결 기법)','마틴 데니엄|다니엘 루비오|조시 롱','한빛미디어','1162241039 9791162241035','스프링 현업 개발자를 위한 스프링 5 실무 바이블 이 책은 스프링 5에 새로 탑재된 기능 및 다양한 구성 옵션 등 업데이트된 프레임워크 전반을 실무에 유용한 해법을 제시하는 형식으로 다룹니다. IoC 컨테이너 같은 스프링 기초부터 스프링 AOP/AspectJ, 자바 EE 연계 및 원격 기술, 스프링 인티그레이션... ','2019-11-21 01:41:43','2019-11-21 01:41:43'),
    (97,'https://bookthumb-phinf.pstatic.net/cover/107/710/10771065.jpg?type=m1&udate=20160721','클린 코더 (단순 기술자에서 진정한 소프트웨어 장인이 되기까지)','로버트 마틴','에이콘출판','8960778818 9788960778818','[클린 코더]는 세계적으로 유명한 프로그래머  ''밥 아저씨 '' 로버트 마틴이 쓴 책으로, 프로 개발자가 되는 길을 알려준다. 수십 년의 경험을 바탕으로 장인 정신, 실천 기법, 도구뿐만 아니라 프로가 가져야 할 마음가짐과 태도를 알려준다. 빡빡한 일정으로 인한 압박을 견디고 비이성적인 사람들과 대화하고 진창에... ','2019-11-28 03:40:14','2019-11-28 03:40:14');

-- RentHistories Dummy Data --
-- total 54
-- Warning this table using soft delete to store rent history

INSERT INTO
    `RentHistories` (`id`, `serialId`, `userId`, `createdAt`, `updatedAt`, `deletedAt`)
VALUES
    (1,     45,     1,      '2019-10-11 08:31:42',      '2019-10-11 08:31:42',      '2019-10-11 10:11:41'),
    (2,     98,     1,      '2019-10-11 08:35:39',      '2019-10-11 08:35:39',      '2019-10-29 23:42:56'),
    (3,     45,     1,      '2019-10-11 10:11:48',      '2019-10-11 10:11:48',      '2019-10-11 10:12:27'),
    (4,     45,     1,      '2019-10-11 10:12:37',      '2019-10-11 10:12:37',      '2019-11-01 10:15:27'),
    (5,     19,     2,      '2019-10-14 04:38:19',      '2019-10-14 04:38:19',      '2019-10-18 08:27:29'),
    (6,     80,     2,      '2019-10-14 04:40:30',      '2019-10-14 04:40:30',      '2019-10-29 10:57:11'),
    (7,     30,     1,      '2019-10-14 08:14:19',      '2019-10-14 08:14:19',      '2019-11-01 10:15:27'),
    (8,     82,     12,     '2019-10-15 09:18:09',      '2019-10-15 09:18:09',      '2019-10-17 01:01:42'),
    (9,     100,    12,     '2019-10-15 09:18:14',      '2019-10-15 09:18:14',      '2019-10-17 01:01:44'),
    (10,    18,     12,     '2019-10-17 01:57:49',      '2019-10-17 01:57:49',      '2019-11-08 08:56:17'),
    (11,    16,     9,      '2019-10-18 06:38:50',      '2019-10-18 06:38:50',      '2019-10-18 06:38:59'),
    (12,    11,     17,     '2019-10-18 06:45:41',      '2019-10-18 06:45:41',      '2019-10-18 07:42:12'),
    (13,    27,     10,     '2019-10-18 07:02:00',      '2019-10-18 07:02:00',      '2019-10-26 11:08:53'),
    (14,    4,      17,     '2019-10-18 07:42:32',      '2019-10-18 07:42:32',      '2019-11-15 04:19:20'),
    (15,    20,     1,      '2019-10-23 08:14:47',      '2019-10-23 08:14:47',      '2019-10-24 08:56:24'),
    (16,    102,    20,     '2019-10-24 08:44:21',      '2019-10-24 08:44:21',      '2019-10-24 08:49:41'),
    (17,    23,     1,      '2019-10-25 00:59:11',      '2019-10-25 00:59:11',      '2019-10-25 08:14:43'),
    (18,    87,     2,      '2019-10-25 03:27:51',      '2019-10-25 03:27:51',      '2019-11-08 07:51:29'),
    (19,    101,    4,      '2019-10-25 08:19:02',      '2019-10-25 08:19:02',      '2019-10-30 00:58:13'),
    (20,    86,     21,     '2019-10-28 04:56:32',      '2019-10-28 04:56:32',      '2019-11-11 03:55:32'),
    (21,    17,     23,     '2019-10-28 05:32:20',      '2019-10-28 05:32:20',      '2019-10-29 06:27:33'),
    (22,    16,     3,      '2019-10-28 05:49:51',      '2019-10-28 05:49:51',      '2019-11-15 03:10:31'),
    (23,    21,     28,     '2019-10-28 06:59:46',      '2019-10-28 06:59:46',      NULL),
    (24,    27,     9,      '2019-10-29 09:11:11',      '2019-10-29 09:11:11',      '2019-11-14 01:36:28'),
    (25,    2,      2,      '2019-10-29 10:21:44',      '2019-10-29 10:21:44',      NULL),
    (26,    19,     2,      '2019-10-31 00:45:16',      '2019-10-31 00:45:16',      '2019-11-08 07:51:30'),
    (27,    17,     9,      '2019-10-31 23:35:50',      '2019-10-31 23:35:50',      '2019-11-01 15:28:47'),
    (28,    12,     4,      '2019-11-01 09:11:58',      '2019-11-01 09:11:58',      '2019-11-06 08:06:04'),
    (29,    123,    9,      '2019-11-04 07:27:27',      '2019-11-04 07:27:27',      '2019-11-15 05:29:11'),
    (30,    118,    22,     '2019-11-04 07:58:18',      '2019-11-04 07:58:18',      '2019-11-06 02:26:54'),
    (31,    126,    22,     '2019-11-04 07:58:23',      '2019-11-04 07:58:23',      NULL),
    (32,    125,    16,     '2019-11-05 06:45:30',      '2019-11-05 06:45:30',      '2019-11-05 06:46:11'),
    (33,    125,    16,     '2019-11-05 06:47:27',      '2019-11-05 06:47:27',      '2019-11-11 05:02:17'),
    (34,    120,    21,     '2019-11-06 05:15:21',      '2019-11-06 05:15:21',      '2019-11-15 07:20:38'),
    (35,    72,     21,     '2019-11-06 05:15:29',      '2019-11-06 05:15:29',      '2019-11-07 00:40:11'),
    (36,    118,    4,      '2019-11-06 12:43:52',      '2019-11-06 12:43:52',      '2019-11-12 01:30:47'),
    (37,    5,      16,     '2019-11-07 00:51:40',      '2019-11-07 00:51:40',      NULL),
    (38,    61,     1,      '2019-11-07 05:46:51',      '2019-11-07 05:46:51',      '2019-11-07 05:47:03'),
    (39,    2,      16,     '2019-11-11 03:48:41',      '2019-11-11 03:48:41',      NULL),
    (40,    12,     13,     '2019-11-11 04:39:05',      '2019-11-11 04:39:05',      '2019-11-15 05:41:45'),
    (41,    89,     13,     '2019-11-11 04:39:13',      '2019-11-11 04:39:13',      NULL),
    (42,    125,    21,     '2019-11-11 05:02:27',      '2019-11-11 05:02:27',      '2019-11-15 07:20:38'),
    (43,    102,    17,     '2019-11-14 01:36:04',      '2019-11-14 01:36:04',      NULL),
    (44,    109,    30,     '2019-11-14 01:37:40',      '2019-11-14 01:37:40',      NULL),
    (45,    10,     33,     '2019-11-15 03:08:39',      '2019-11-15 03:08:39',      '2019-11-15 04:05:49'),
    (46,    122,    3,      '2019-11-15 03:11:35',      '2019-11-15 03:11:35',      NULL),
    (47,    4,      5,      '2019-11-15 04:19:41',      '2019-11-15 04:19:41',      '2019-11-15 04:40:40'),
    (48,    118,    9,      '2019-11-15 05:33:10',      '2019-11-15 05:33:10',      '2019-11-26 03:16:48'),
    (49,    103,    32,     '2019-11-15 05:35:22',      '2019-11-15 05:35:22',      NULL),
    (50,    100,    12,     '2019-11-22 09:13:09',      '2019-11-22 09:13:09',      NULL),
    (51,    82,     12,     '2019-11-22 09:13:13',      '2019-11-22 09:13:13',      NULL),
    (52,    129,    22,     '2019-11-26 04:01:23',      '2019-11-26 04:01:23',      NULL),
    (53,    95,     35,     '2019-11-26 04:59:53',      '2019-11-26 04:59:53',      NULL),
    (54,    131,    21,     '2019-11-27 04:41:13',      '2019-11-27 04:41:13',      NULL);

-- Serials Dummy Data --
-- total : 121

INSERT INTO
    `Serials` (`id`, `serialNumber`, `status`, `createdAt`, `updatedAt`, `bookId`)
VALUES
    (1,     1,      0,  '2019-10-11 07:54:56',  '2019-10-11 07:54:56', 1),
    (2,     2,      1,  '2019-10-11 08:06:56',  '2019-11-11 03:48:41', 7),
    (3,     3,      0,  '2019-10-11 08:07:00',  '2019-10-11 08:07:00', 7),
    (4,     4,      0,  '2019-10-11 08:07:01',  '2019-11-15 04:40:40', 7),
    (5,     5,      1,  '2019-10-11 08:12:56',  '2019-11-07 00:51:40', 19),
    (6,     6,      0,  '2019-10-11 08:12:57',  '2019-10-11 08:12:57', 19),
    (7,     7,      0,  '2019-10-11 08:07:30',  '2019-10-11 08:07:30', 8),
    (8,     8,      0,  '2019-10-11 08:07:32',  '2019-10-11 08:07:32', 8),
    (9,     9,      0,  '2019-10-11 08:07:34',  '2019-10-11 08:07:34', 8),
    (10,    10,     0,  '2019-10-11 08:07:50',  '2019-11-15 04:05:49', 9),
    (11,    11,     0,  '2019-10-11 08:08:20',  '2019-10-18 07:42:12', 9),
    (12,    12,     0,  '2019-10-15 04:07:32',  '2019-11-15 05:41:45', 9),
    (13,    13,     0,  '2019-10-11 08:08:22',  '2019-10-11 08:08:22', 9),
    (14,    14,     0,  '2019-10-11 08:08:59',  '2019-10-11 08:08:59', 12),
    (16,    16,     0,  '2019-10-11 08:13:16',  '2019-11-15 03:10:31', 20),
    (17,    17,     0,  '2019-10-18 04:40:23',  '2019-11-01 15:28:47', 69),
    (18,    18,     0,  '2019-10-17 01:57:41',  '2019-11-08 08:56:17', 69),
    (19,    19,     0,  '2019-10-11 08:10:35',  '2019-11-08 07:51:30', 13),
    (20,    20,     0,  '2019-10-11 08:06:10',  '2019-10-24 08:56:24', 4),
    (21,    21,     1,  '2019-10-11 08:06:06',  '2019-10-28 06:59:46', 4),
    (22,    22,     0,  '2019-10-11 08:27:13',  '2019-10-11 08:27:13', 60),
    (23,    23,     0,  '2019-10-14 03:59:30',  '2019-10-25 08:14:43', 67),
    (24,    24,     0,  '2019-10-11 08:23:27',  '2019-10-11 08:23:27', 50),
    (25,    25,     0,  '2019-10-11 08:27:01',  '2019-10-11 08:27:01', 59),
    (26,    26,     0,  '2019-10-11 08:26:51',  '2019-10-11 08:26:51', 58),
    (27,    27,     0,  '2019-10-11 08:26:39',  '2019-11-14 01:36:28', 57),
    (29,    29,     0,  '2019-10-11 08:30:55',  '2019-10-11 08:30:55', 64),
    (30,    30,     0,  '2019-10-11 08:30:11',  '2019-11-01 10:15:27', 63),
    (31,    31,     0,  '2019-10-11 08:30:47',  '2019-10-11 08:30:47', 65),
    (32,    32,     0,  '2019-10-11 08:27:51',  '2019-10-11 08:27:51', 62),
    (33,    33,     0,  '2019-10-11 08:23:49',  '2019-10-11 08:23:49', 51),
    (34,    34,     0,  '2019-10-11 08:27:42',  '2019-10-11 08:27:42', 61),
    (35,    35,     0,  '2019-10-11 08:10:55',  '2019-10-11 08:10:55', 15),
    (37,    37,     0,  '2019-10-11 08:26:19',  '2019-10-11 08:26:19', 55),
    (38,    38,     0,  '2019-10-11 08:26:27',  '2019-10-11 08:26:27', 56),
    (39,    39,     0,  '2019-10-11 08:08:52',  '2019-10-11 08:08:52', 11),
    (41,    41,     0,  '2019-10-11 08:25:44',  '2019-10-11 08:25:44', 54),
    (42,    42,     0,  '2019-10-11 08:25:36',  '2019-10-11 08:25:36', 53),
    (43,    43,     0,  '2019-10-11 08:23:06',  '2019-10-11 08:23:06', 48),
    (44,    44,     0,  '2019-10-11 08:23:13',  '2019-10-11 08:23:13', 49),
    (45,    45,     0,  '2019-10-11 08:20:11',  '2019-11-01 10:15:27', 40),
    (46,    46,     0,  '2019-10-11 08:20:25',  '2019-10-11 08:20:25', 42),
    (47,    47,     0,  '2019-10-11 08:19:12',  '2019-10-11 08:19:12', 35),
    (48,    48,     0,  '2019-10-11 08:19:57',  '2019-10-11 08:19:57', 39),
    (49,    49,     0,  '2019-10-11 08:19:51',  '2019-10-11 08:19:51', 38),
    (50,    50,     0,  '2019-10-11 08:19:42',  '2019-10-11 08:19:42', 37),
    (51,    51,     0,  '2019-10-11 08:20:18',  '2019-10-11 08:20:18', 41),
    (52,    52,     0,  '2019-10-11 08:16:55',  '2019-10-11 08:16:55', 29),
    (53,    53,     0,  '2019-10-11 08:17:04',  '2019-10-11 08:17:04', 28),
    (54,    54,     0,  '2019-10-11 08:17:16',  '2019-10-11 08:17:16', 26),
    (55,    55,     0,  '2019-10-11 08:17:43',  '2019-10-11 08:17:43', 23),
    (56,    56,     0,  '2019-10-11 08:16:30',  '2019-10-11 08:16:30', 32),
    (57,    57,     0,  '2019-10-11 08:16:34',  '2019-10-11 08:16:34', 32),
    (58,    58,     0,  '2019-10-11 08:17:36',  '2019-10-11 08:17:36', 24),
    (59,    59,     0,  '2019-10-11 08:14:02',  '2019-10-11 08:14:02', 21),
    (60,    60,     0,  '2019-10-11 08:17:26',  '2019-10-11 08:17:26', 25),
    (61,    61,     0,  '2019-10-11 08:16:49',  '2019-11-07 05:47:03', 30),
    (62,    62,     0,  '2019-10-11 08:17:10',  '2019-10-11 08:17:10', 27),
    (63,    63,     0,  '2019-10-11 08:16:04',  '2019-10-11 08:16:04', 31),
    (64,    64,     0,  '2019-10-11 08:21:29',  '2019-10-11 08:21:29', 43),
    (65,    65,     0,  '2019-10-11 08:11:41',  '2019-10-11 08:11:41', 17),
    (66,    66,     0,  '2019-10-11 08:22:45',  '2019-10-11 08:22:45', 46),
    (67,    67,     0,  '2019-10-11 08:19:19',  '2019-10-11 08:19:19', 36),
    (68,    68,     0,  '2019-10-11 08:19:08',  '2019-10-11 08:19:08', 34),
    (69,    69,     0,  '2019-10-11 08:18:56',  '2019-10-11 08:18:56', 33),
    (72,    72,     0,  '2019-10-11 08:12:23',  '2019-11-07 00:40:11', 18),
    (73,    73,     0,  '2019-10-11 08:21:37',  '2019-10-11 08:21:37', 44),
    (74,    74,     0,  '2019-10-11 08:22:32',  '2019-10-11 08:22:32', 45),
    (75,    75,     0,  '2019-10-11 08:17:52',  '2019-10-11 08:17:52', 22),
    (77,    77,     0,  '2019-10-11 08:10:57',  '2019-10-11 08:10:57', 15),
    (78,    78,     0,  '2019-10-11 08:10:58',  '2019-10-11 08:10:58', 15),
    (80,    80,     0,  '2019-10-11 08:05:25',  '2019-10-29 10:57:11', 2),
    (81,    81,     0,  '2019-10-11 08:04:28',  '2019-10-11 08:04:28', 2),
    (82,    82,     1,  '2019-10-11 08:06:48',  '2019-11-22 09:13:13', 6),
    (84,    84,     0,  '2019-10-17 02:00:52',  '2019-10-17 02:00:52', 6),
    (85,    85,     0,  '2019-10-11 08:35:01',  '2019-10-11 08:35:01', 14),
    (86,    86,     0,  '2019-10-11 08:10:46',  '2019-11-11 03:55:32', 14),
    (87,    87,     0,  '2019-10-15 04:08:30',  '2019-11-08 07:51:29', 14),
    (88,    88,     0,  '2019-10-11 08:06:36',  '2019-10-11 08:06:36', 5),
    (89,    89,     1,  '2019-10-11 08:06:38',  '2019-11-11 04:39:13', 5),
    (90,    90,     0,  '2019-10-11 08:06:40',  '2019-10-11 08:06:40', 5),
    (91,    91,     0,  '2019-10-11 08:24:05',  '2019-10-11 08:24:05', 52),
    (92,    92,     0,  '2019-10-11 08:24:08',  '2019-10-11 08:24:08', 52),
    (95,    95,     1,  '2019-11-26 04:59:38',  '2019-11-26 04:59:53', 70),
    (96,    96,     0,  '2019-10-11 08:11:06',  '2019-10-11 08:11:06', 16),
    (97,    97,     0,  '2019-10-14 03:59:35',  '2019-10-14 03:59:35', 68),
    (98,    98,     0,  '2019-10-11 08:35:30',  '2019-10-29 23:42:56', 66),
    (99,    99,     0,  '2019-10-11 08:22:54',  '2019-10-11 08:22:54', 47),
    (100,   100,    1,  '2019-10-15 04:06:33',  '2019-11-22 09:13:10', 66),
    (101,   101,    0,  '2019-10-15 04:08:00',  '2019-10-30 00:58:13', 20),
    (102,   102,    1,  '2019-10-17 02:01:53',  '2019-11-14 01:36:04', 70),
    (103,   103,    1,  '2019-11-01 04:58:18',  '2019-11-15 05:35:22', 76),
    (104,   104,    0,  '2019-11-01 04:58:53',  '2019-11-01 04:58:53', 75),
    (105,   105,    0,  '2019-11-01 04:58:36',  '2019-11-01 04:58:36', 73),
    (106,   106,    0,  '2019-11-01 04:58:28',  '2019-11-01 04:58:28', 74),
    (108,   108,    0,  '2019-11-01 04:58:07',  '2019-11-01 04:58:07', 72),
    (109,   109,    1,  '2019-11-01 04:57:43',  '2019-11-14 01:37:40', 80),
    (110,   110,    0,  '2019-11-01 04:57:09',  '2019-11-01 04:57:09', 79),
    (111,   111,    0,  '2019-11-01 04:57:02',  '2019-11-01 04:57:02', 77),
    (112,   112,    0,  '2019-11-01 04:56:54',  '2019-11-01 04:56:54', 82),
    (113,   113,    0,  '2019-11-01 04:56:47',  '2019-11-01 04:56:47', 81),
    (114,   114,    0,  '2019-11-01 04:59:02',  '2019-11-01 04:59:02', 83),
    (115,   115,    0,  '2019-11-01 04:57:36',  '2019-11-01 04:57:36', 78),
    (116,   116,    0,  '2019-11-04 06:18:53',  '2019-11-04 06:18:53', 84),
    (117,   117,    0,  '2019-11-04 06:18:55',  '2019-11-04 06:18:55', 84),
    (118,   118,    0,  '2019-11-04 07:00:52',  '2019-11-26 03:16:48', 85),
    (119,   119,    0,  '2019-11-04 07:00:31',  '2019-11-04 07:00:31', 85),
    (120,   120,    0,  '2019-11-05 06:46:34',  '2019-11-15 07:20:38', 90),
    (121,   121,    0,  '2019-11-04 07:01:57',  '2019-11-04 07:01:57', 86),
    (122,   122,    1,  '2019-11-04 07:10:59',  '2019-11-15 03:11:35', 90),
    (123,   123,    0,  '2019-11-04 07:10:55',  '2019-11-15 05:29:11', 90),
    (124,   124,    0,  '2019-11-04 07:03:09',  '2019-11-04 07:03:09', 87),
    (125,   125,    0,  '2019-11-05 06:46:44',  '2019-11-15 07:20:38', 89),
    (126,   126,    1,  '2019-11-04 07:04:57',  '2019-11-04 07:58:23', 88),
    (127,   127,    0,  '2019-11-04 07:10:44',  '2019-11-04 07:10:44', 91),
    (128,   128,    0,  '2019-11-26 03:48:59',  '2019-11-26 03:48:59', 92),
    (129,   129,    1,  '2019-11-26 03:49:38',  '2019-11-26 04:01:23', 93),
    (130,   130,    0,  '2019-11-26 03:50:57',  '2019-11-26 03:50:57', 94),
    (131,   131,    1,  '2019-11-26 03:51:37',  '2019-11-27 04:41:13', 95),
    (132,   132,    0,  '2019-11-28 03:41:07',  '2019-11-28 03:41:07', 97),
    (133,   133,    0,  '2019-11-26 03:52:07',  '2019-11-26 03:52:07', 96);

-- WishBooks Dummy Data --
-- total 13
-- !! WARNING !! this table using soft delete to store wish books

INSERT INTO
    WishBooks (`id`, `image`,`title`, `author`, `publisher`, `isbn`, `description`, `createdAt`, `updatedAt`, `deletedAt`, `userId`)
VALUES
    (1,     'https://bookthumb-phinf.pstatic.net/cover/101/607/10160776.jpg?type=m1&udate=20190216',    'SQL 레벨업 (DB 성능 최적화를 위한 SQL 실전 가이드)','미크','한빛미디어','8968482519 9788968482519','『SQL 레벨업』은 《SQL 첫걸음》으로 성공적인 입문을 마치고, 다음 고지를 바라보는 이들을 위한 책이다. 고성능 SQL 작성 방법을 초보자 눈높이에 맞춰 다양한 예제를 통해 설명한다. 특히 오라클과 호환성을 목표로 하는 오픈소스인 POSTGRESQL을 사용하여 모든 예제를 작성했고, 둘의 수행 결과가 상이한... ','2019-10-25 02:54:34','2019-10-25 02:54:34','2019-11-01 04:36:16',2),
    (11,    'https://bookthumb-phinf.pstatic.net/cover/107/412/10741267.jpg?type=m1&udate=20160704',    '팟캐스트 나는 프로그래머다 2 (알맹이만 쏙쏙, 방송보다 더 밀도 높게 더 유용하게)','임백준|정도현|김호광','한빛미디어','896848290X 9788968482908','서울, 도쿄, 뉴욕에 사는 프로그래머가 수다를 떨기 위해서 모였다. 보안 전문가 데니스, 도쿄의 아키텍트 정개발, 그리고 뉴욕의 프로그래머 임작가가 새로운 패러다임과 기술을 소개하고, 프로그래머들의 삶과 애환을 이야기한다. 여러 분야의 전문가를 초대해서 웃음과 배움이 넘치는 대화를 나누고, 한국의... ','2019-10-29 12:41:49','2019-10-29 12:41:49','2019-11-04 06:58:08',12),
    (12,    'https://bookthumb-phinf.pstatic.net/cover/112/115/11211590.jpg?type=m1&udate=20190817',    '배민다움 (배달의민족 브랜딩 이야기)','홍성태','북스톤','1187289086 9791187289081','창업부터 브랜딩까지, 세상에 없는 ‘자기다움’으로 승부할 수 있는가?기발한 기획력과 마케팅 감각으로 6년 남짓의 길지 않은 시간 동안 자기다움, 즉 ‘배민다움’을 만들어내는 데 성공한 회사 배달의민족. 과연 어떤 점이 배달의민족을 유독 앞서가게 했을까? 『배민다움』은 그에 관한 이야기를 담은... ','2019-11-01 04:10:52','2019-11-01 04:10:52','2019-11-04 06:56:31',1),
    (13,    'https://bookthumb-phinf.pstatic.net/cover/089/207/08920762.jpg?type=m1&udate=20170602',    '스프링 입문을 위한 자바 객체 지향의 원리와 이해','김종민','위키북스','8998139944 9788998139940','이 책은 자바에서 스프링으로 나아가기 위한 연결 고리를 제공한다.','2019-11-01 04:13:18','2019-11-01 04:13:18','2019-11-04 06:58:17',14),
    (14,    'https://bookthumb-phinf.pstatic.net/cover/150/077/15007773.jpg?type=m1&udate=20190608',    '오브젝트 (코드로 이해하는 객체지향 설계)','조영호','위키북스','1158391404 9791158391409','《객체지향의 사실과 오해》가 첫번째 걸음과 두번째 걸음인 객체와 협력에 초점을 맞췄다면 《오브젝트: 코드로 이해하는 객체지향 설계》는 세번째와 네번째 걸음인 책임의 할당과 그 구현에 초점을 맞춘다. 이 책을 읽고 나면 객체에 적절한 역할과 책임을 부여하는 방법과 유연하면서도 요구사항에 적절한... ','2019-11-01 04:13:45','2019-11-01 04:13:45','2019-11-04 06:58:31',14),
    (15,    'https://bookthumb-phinf.pstatic.net/cover/073/994/07399482.jpg?type=m1&udate=20170103',    '해커와 화가','폴 그레이엄','한빛미디어','8968480710 9788968480713','프로그래밍 방법론에서 시작해 일반적인 미학으로 연결되는 인문학적 프로그래밍!『해커와 화가』는 천재 해커이자 와이 콤비네이터의 공동창업자로 알려진 폴 그레이엄이 광범위한 컴퓨터 세상에서 일어나고 있는 일들을 에세이 형식으로 풀어낸 책이다. 2003년에 집필한 이 책은 웹 기반 소프트웨어의 출현... ','2019-11-01 04:13:54','2019-11-01 04:13:54','2019-11-04 06:58:13',14),
    (16,    'https://bookthumb-phinf.pstatic.net/cover/089/426/08942623.jpg?type=m1&udate=20150420',    'GoF의 디자인 패턴 (재사용성을 지닌 객체지향 소프트웨어의 핵심요소)','에릭 감마|리처드 헬름|랄프 존슨|존 블리시디스','프로텍미디어','1195444958 9791195444953','▶ 이 책은 디자인 패턴을 다룬 이론서입니다. 디자인 패턴의 기초적이고 전반적인 내용을 학습할 수 있습니다.','2019-11-01 04:14:03','2019-11-01 04:14:03','2019-11-04 06:58:02',14),
    (17,    'https://bookthumb-phinf.pstatic.net/cover/155/165/15516537.jpg?type=m1&udate=20191001',    '그래서 컴퓨터는 어떻게 동작하나요? (단순 게이트에서 범용 연산 기계까지)','J. 클라크 스코트','인사이트','8966262503 9788966262502','어떻게 컴퓨터는 다양하고도 어려운 일들을 쉽게 해내는 걸까?\n컴퓨터는 스스로 생각할 수 있는 걸까?우리는 흔히 컴퓨터를 매우 복잡한 기계라고 생각합니다. 그런데 이 책은 컴퓨터가 실은 간단한 부품을 차곡차곡 쌓아 올려 만든 단순한 기계이며 이러한 부품들이 상호 작용하는 방법을 이해하면 컴퓨터의 동작... ','2019-11-12 02:31:45','2019-11-12 02:31:45','2019-11-21 01:40:31',22),
    (18,    'https://bookthumb-phinf.pstatic.net/cover/155/176/15517601.jpg?type=m1&udate=20191003',    'IT에 몸담은 이들을 위한 지적 생산 기술','니시오 히로카즈','제이펍','1188621718 9791188621712','이 책은 그 고민에 대한 해결책으로, 엔지니어의 프로그래밍과 글쓰기라는 예를 통해 지적 생산 기술을 제안합니다. 아울러 다양한 지적 생산 기술의 특징과 공통점을 파악하고, 그중 어느 것이 중요한지를 알려줍니다. 또한, 저자가 평소에 자주 하는 구체적인 방법뿐만 아니라 시행착오 사례들도 공개하고... ','2019-11-12 02:31:56','2019-11-12 02:31:56','2019-11-21 01:41:37',22),
    (19,    'https://bookthumb-phinf.pstatic.net/cover/087/794/08779469.jpg?type=m1&udate=20171009',    'CODE (하드웨어와 소프트웨어에 숨어 있는 언어)','찰스 펫졸드','인사이트','8966261256 9788966261253','[CODE]는 다른 사람들과 의사소통하기 위하여 언어를 조작하고 새로운 의미를 만들어내는 독창적인 방법들을 소개한다. 또한 다른 사람들과 의사소통을 하려는 인간의 강렬한 욕망이 어떻게, 지난 두 세기 동안 기술적인 발전을 이루어냈는지 독득한 시각을 제공한다.','2019-11-12 02:37:10','2019-11-12 02:37:10','2019-11-21 01:41:39',22),
    (21,    'https://bookthumb-phinf.pstatic.net/cover/154/312/15431217.jpg?type=m1&udate=20191031',    '전문가를 위한 스프링 5 (스프링을 깊이 있게, 철저하게!)','율리아나 코스미나|롭 해롭|크리스 샤이퍼|클라렌스 호','길벗','1160508860 9791160508864','스프링 개발자와 가장 오랜 시간을 함께한 스프링 중급서!\n\n1판이 출간된 이후 5판까지 꾸준히 개정되며 스프링 중급서의 위치를 지켜왔다. 스프링 입문자가 아니라 실제로 현업에서 스프링을 개발하면서 알아야 하는 깊이 있는 정보를 체계적으로 정리하고 전달해왔다. 스프링의 기초와 핵심 개념부터... ','2019-11-16 12:19:46','2019-11-16 12:19:46','2019-11-21 01:41:41',14),
    (22,    'https://bookthumb-phinf.pstatic.net/cover/139/119/13911953.jpg?type=m1&udate=20190810',    '스프링5 레시피 (스프링 애플리케이션 개발에 유용한 161가지 문제 해결 기법)','마틴 데니엄|다니엘 루비오|조시 롱','한빛미디어','1162241039 9791162241035','스프링 현업 개발자를 위한 스프링 5 실무 바이블\n\n이 책은 스프링 5에 새로 탑재된 기능 및 다양한 구성 옵션 등 업데이트된 프레임워크 전반을 실무에 유용한 해법을 제시하는 형식으로 다룹니다. IoC 컨테이너 같은 스프링 기초부터 스프링 AOP/AspectJ, 자바 EE 연계 및 원격 기술, 스프링 인티그레이션... ','2019-11-16 12:20:31','2019-11-16 12:20:31','2019-11-21 01:41:43',14),
    (23,    'https://bookthumb-phinf.pstatic.net/cover/158/717/15871738.jpg?type=m1&udate=20191126',    '스프링 부트와 AWS로 혼자 구현하는 웹 서비스 (인텔리제이, JPA, JUnit 테스트, 그레이들)','이동욱','프리렉','8965402603 9788965402602','경험이 실력이 되는 순간!이 책은 제목 그대로 스프링 부트와 AWS로 웹 서비스를 구현합니다. JPA와 JUNIT 테스트, 그레이들, 머스테치, 스프링 시큐리티를 활용한 소셜 로그인 등으로 애플리케이션을 개발하고, 뒤이어 AWS 인프라의 기본 사용법과 AWS EC2와 RDS를 사용해 서비스가 가능하도록 합니다. 이렇게... ','2019-11-26 00:41:11','2019-11-26 00:41:11',NULL,22);